id,_id,context,core,dateupload,farm,iconfarm,iconserver,in_park,labels,owner,ownername,parkunit,secret,server,tags,title,views,latitude,longitude
4057098658,5f01fc64f726a9c76d7f246d,0,True,1256860140,3,4,3775,True,0,12049281@N06,dazt,npsa,052c8e86cb,2477,tsunami fema fagatele dr1859 americansamao,DAZ_5947,110,-14.270465,-170.71563
4057099844,5f01fc64f726a9c76d7f246c,0,True,1256860178,3,4,3775,True,0,12049281@N06,dazt,npsa,02a32ffa8b,2724,tsunami fema fagatele dr1859 americansamao,DAZ_5953,115,-14.270465,-170.71563
4057093502,5f01fc64f726a9c76d7f2470,0,True,1256859994,4,4,3775,True,0,12049281@N06,dazt,npsa,aab730ec66,3461,tsunami fema fagatele dr1859 americansamao,DAZ_5932,90,-14.270465,-170.71563
4057095414,5f01fc64f726a9c76d7f246f,0,True,1256860051,3,4,3775,True,0,12049281@N06,dazt,npsa,e3f59376a7,2574,tsunami fema fagatele dr1859 americansamao,DAZ_5942,100,-14.270465,-170.71563
4056358181,5f01fc64f726a9c76d7f246e,0,True,1256860093,3,4,3775,True,0,12049281@N06,dazt,npsa,2d78602b9f,2565,tsunami fema fagatele dr1859 americansamao,DAZ_5944,100,-14.270465,-170.71563
13132623224,5f01fc64f726a9c76d7f2406,0,True,1394739592,4,1,456,True,1,81483064@N06,"S&PF, USFS Pacific Southwest Region",npsa,536ee72579,3674,meeting pic americansamoa tutuila,IMG_3253,60,-14.277312,-170.71338899999995
13132624244,5f01fc64f726a9c76d7f2405,0,True,1394739591,8,1,456,True,1,81483064@N06,"S&PF, USFS Pacific Southwest Region",npsa,f7a86be255,7344,meeting pic americansamoa tutuila,IMG_3252,55,-14.27677,-170.713239
13132627394,5f01fc64f726a9c76d7f2402,0,True,1394739589,8,1,456,True,1,81483064@N06,"S&PF, USFS Pacific Southwest Region",npsa,696f3c53d4,7437,meeting pic americansamoa tutuila,IMG_3249,57,-14.276564000000002,-170.713109
13132624994,5f01fc64f726a9c76d7f2404,0,True,1394739590,8,1,456,True,1,81483064@N06,"S&PF, USFS Pacific Southwest Region",npsa,5ce8e2f4c6,7346,meeting pic americansamoa tutuila,IMG_3251,64,-14.276389000000002,-170.712873
13132451983,5f01fc64f726a9c76d7f2403,0,True,1394739589,4,1,456,True,1,81483064@N06,"S&PF, USFS Pacific Southwest Region",npsa,edc53a3426,3740,meeting pic americansamoa tutuila,IMG_3248,52,-14.276067000000001,-170.712859
15749528271,5f01fc64f726a9c76d7f23ee,0,True,1415571299,4,0,0,True,2,128444297@N07,michaelbrockett,npsa,e1b26d948b,3950,,IMG_8199,37,-14.265506,-170.70453600000005
15751414505,5f01fc64f726a9c76d7f23ef,0,True,1415571298,6,0,0,True,2,128444297@N07,michaelbrockett,npsa,c7300f5b61,5602,,IMG_8189,33,-14.265506,-170.70453600000005
4083805266,5f01fc64f726a9c76d7f245b,0,True,1257621142,3,4,3153,True,3,42695237@N05,adamshoe,npsa,67438f9fe6,2799,,Cable car equipment,14,-14.26405,-170.689423
4083043773,5f01fc64f726a9c76d7f245a,0,True,1257621152,3,4,3153,True,3,42695237@N05,adamshoe,npsa,9a554a5388,2551,,Eastern side of the harbor,9,-14.26405,-170.689423
4083803460,5f01fc64f726a9c76d7f245e,0,True,1257621097,3,4,3153,True,3,42695237@N05,adamshoe,npsa,600b435e7c,2702,,The container point where our food comes from,13,-14.26405,-170.689423
4083801858,5f01fc64f726a9c76d7f2462,0,True,1257621057,3,4,3153,True,3,42695237@N05,adamshoe,npsa,5a8608e795,2795,,Remnants of the cable car system,76,-14.26405,-170.689423
4083799988,5f01fc64f726a9c76d7f2467,0,True,1257621011,3,4,3153,True,3,42695237@N05,adamshoe,npsa,4eecba672e,2732,,Norfolk Island Pine,30,-14.26405,-170.689423
4083040821,5f01fc64f726a9c76d7f2460,0,True,1257621077,3,4,3153,True,3,42695237@N05,adamshoe,npsa,62354e2510,2436,,Mouth of the harbor,24,-14.26405,-170.689423
4083799576,5f01fc64f726a9c76d7f2468,0,True,1257621002,3,4,3153,True,3,42695237@N05,adamshoe,npsa,e4c9560d29,2673,,Clearing,8,-14.26405,-170.689423
4083037449,5f01fc64f726a9c76d7f2469,0,True,1257620993,3,4,3153,True,3,42695237@N05,adamshoe,npsa,d473183889,2550,,About halfway up,10,-14.26405,-170.689423
4083046467,5f01fc64f726a9c76d7f2454,0,True,1257621221,3,4,3153,True,3,42695237@N05,adamshoe,npsa,52640ab619,2760,,Where we get out TV,12,-14.26405,-170.689423
4083807242,5f01fc64f726a9c76d7f2457,0,True,1257621193,4,4,3153,True,3,42695237@N05,adamshoe,npsa,7edf0c3977,3536,,,14,-14.26405,-170.689423
4083044513,5f01fc64f726a9c76d7f2458,0,True,1257621172,3,4,3153,True,3,42695237@N05,adamshoe,npsa,c0d490504e,2788,,Fale at the top of the mountain,4,-14.26405,-170.689423
4083054969,5f01fc64f726a9c76d7f244b,0,True,1257621444,3,4,3153,True,3,42695237@N05,adamshoe,npsa,15a4203396,2709,,Marching downhill,7,-14.26405,-170.689423
4083053629,5f01fc64f726a9c76d7f244f,0,True,1257621407,3,4,3153,True,3,42695237@N05,adamshoe,npsa,24dcd3769c,2527,,Back on the trail,8,-14.26405,-170.689423
4083045781,5f01fc64f726a9c76d7f2456,0,True,1257621204,3,4,3153,True,3,42695237@N05,adamshoe,npsa,3326977aa8,2606,,"View of Upolu, Western Samoa, 60 miles to the west",19,-14.26405,-170.689423
4083043015,5f01fc64f726a9c76d7f245c,0,True,1257621132,3,4,3153,True,3,42695237@N05,adamshoe,npsa,e04b3076d4,2674,,Breakers Point,29,-14.26405,-170.689423
4083042047,5f01fc64f726a9c76d7f245d,0,True,1257621107,3,4,3153,True,3,42695237@N05,adamshoe,npsa,34d0321173,2429,,Boats lifted onto land by the Sept. 29th tsunami,8,-14.26405,-170.689423
4083039661,5f01fc64f726a9c76d7f2463,0,True,1257621048,3,4,3153,True,3,42695237@N05,adamshoe,npsa,3e60e6cc65,2769,,Clear afternoon on the Pacific,6,-14.26405,-170.689423
4083800360,5f01fc64f726a9c76d7f2466,0,True,1257621020,3,4,3153,True,3,42695237@N05,adamshoe,npsa,e96315db39,2682,,May be the tram cable that caused the tragic P-3 crash in 1980,30,-14.26405,-170.689423
4083036725,5f01fc64f726a9c76d7f246b,0,True,1257620975,3,4,3153,True,3,42695237@N05,adamshoe,npsa,781f745d6f,2663,,"Ken, ahead of me as always",28,-14.26405,-170.689423
4083816704,5f01fc64f726a9c76d7f244c,0,True,1257621435,3,4,3153,True,3,42695237@N05,adamshoe,npsa,8db2bcf6b1,2585,,,5,-14.26405,-170.689423
4083054281,5f01fc64f726a9c76d7f244d,0,True,1257621426,3,4,3153,True,3,42695237@N05,adamshoe,npsa,ee8b083730,2635,,Fern,12,-14.26405,-170.689423
4083800764,5f01fc64f726a9c76d7f2465,0,True,1257621029,3,4,3153,True,3,42695237@N05,adamshoe,npsa,89e97e4b9f,2578,,Staircase to the top,8,-14.26405,-170.689423
4083798794,5f01fc64f726a9c76d7f246a,0,True,1257620983,3,4,3153,True,3,42695237@N05,adamshoe,npsa,9a281a3a0f,2683,,Gross (with flower),9,-14.26405,-170.689423
4083803030,5f01fc64f726a9c76d7f245f,0,True,1257621087,4,4,3153,True,3,42695237@N05,adamshoe,npsa,a3d462d400,3578,,Tutuila at one of its thinnest points,18,-14.26405,-170.689423
4083816028,5f01fc64f726a9c76d7f244e,0,True,1257621417,3,4,3153,True,3,42695237@N05,adamshoe,npsa,e6e6701efb,2692,,One of the island's enormous fruit bats,8,-14.26405,-170.689423
4083808046,5f01fc64f726a9c76d7f2455,0,True,1257621213,3,4,3153,True,3,42695237@N05,adamshoe,npsa,09ee3dec91,2421,,"View of the Manua islands, 60 miles to the east",19,-14.26405,-170.689423
4083052343,5f01fc64f726a9c76d7f2450,0,True,1257621372,3,4,3153,True,3,42695237@N05,adamshoe,npsa,5fd8ed1cc1,2795,,,5,-14.26405,-170.689423
4083051073,5f01fc64f726a9c76d7f2451,0,True,1257621337,3,4,3153,True,3,42695237@N05,adamshoe,npsa,78e5544ff4,2636,,Map of Tutuila,25,-14.26405,-170.689423
4083808744,5f01fc64f726a9c76d7f2453,0,True,1257621231,3,4,3153,True,3,42695237@N05,adamshoe,npsa,f89834fa18,2739,,Ken,8,-14.26405,-170.689423
4083039311,5f01fc64f726a9c76d7f2464,0,True,1257621039,4,4,3153,True,3,42695237@N05,adamshoe,npsa,6fb37fa4e8,3495,,The bottom of Pago harbor,17,-14.26405,-170.689423
4083806072,5f01fc64f726a9c76d7f2459,0,True,1257621164,3,4,3153,True,3,42695237@N05,adamshoe,npsa,dbd4c1e94a,2565,,,12,-14.26405,-170.689423
4083050109,5f01fc64f726a9c76d7f2452,0,True,1257621312,3,4,3153,True,3,42695237@N05,adamshoe,npsa,4542fa176d,2721,,Ken with hybiscus,9,-14.26405,-170.689423
4083040425,5f01fc64f726a9c76d7f2461,0,True,1257621068,3,4,3153,True,3,42695237@N05,adamshoe,npsa,aba03b61b1,2590,,West side of Pago Pago,22,-14.26405,-170.689423
4027343013,5f01fc64f726a9c76d7f247d,0,True,1256001275,3,4,3775,True,3,12049281@N06,dazt,npsa,693ea4d266,2735,stairs tsunami railcar fema americansamoa mtalava dr1859,IMGP0107,184,-14.265324,-170.687756
4028095848,5f01fc64f726a9c76d7f247e,0,True,1256001227,3,4,3775,True,3,12049281@N06,dazt,npsa,5bf1b90e93,2474,tsunami fema americansamoa mtalava dr1859,IMGP0108,159,-14.265324,-170.687756
10581307214,5f01fc64f726a9c76d7f240d,0,True,1383169692,4,5,4858,True,3,29259841@N03,fabvirge,npsa,2e6f1ef8b1,3781,port flickr bâteau tutuila pagopago photoaérienne bã¢teau samoaaméricaines photoaã©rienne,"Samoa américaines, Pago Pago",476,-14.265006,-170.687499
10581325014,5f01fc64f726a9c76d7f2409,0,True,1383169681,3,5,4858,True,3,29259841@N03,fabvirge,npsa,2e47aca68d,2819,flickr escalier forêt tutuila pagopago forãªt samoaaméricaines virginielaloy,"Samoa américaines, Mt Alava",223,-14.265006,-170.687499
4028295748,5f01fc64f726a9c76d7f2477,0,True,1256005685,3,4,3775,True,3,12049281@N06,dazt,npsa,057db700c4,2752,tsunami fema americansamoa mtalava dr1859,IMGP0159,193,-14.264975,-170.687327
4027351575,5f01fc64f726a9c76d7f2479,0,True,1256001466,3,4,3775,True,3,12049281@N06,dazt,npsa,7c95846b7d,2604,tsunami fema americansamoa mtalava dr1859,IMGP0157,172,-14.264975,-170.687327
4027349291,5f01fc64f726a9c76d7f247a,0,True,1256001416,4,4,3775,True,3,12049281@N06,dazt,npsa,1a5eaac97e,3511,tsunami fema americansamoa mtalava oldcablecar dr1859,IMGP0126,193,-14.264975,-170.687327
4028109234,5f01fc64f726a9c76d7f2478,0,True,1256001521,3,4,3775,True,3,12049281@N06,dazt,npsa,755c2eae80,2617,tsunami fema americansamoa mtalava dr1859,IMGP0158,157,-14.264975,-170.687327
4027345207,5f01fc64f726a9c76d7f247c,0,True,1256001323,3,4,3775,True,3,12049281@N06,dazt,npsa,6fdf1ba16d,2629,tsunami fema americansamoa mtalava dr1859,IMGP0115,137,-14.264975,-170.687327
4028102332,5f01fc64f726a9c76d7f247b,0,True,1256001369,3,4,3775,True,3,12049281@N06,dazt,npsa,f73be6af0e,2469,tsunami fema americansamoa mtalava dr1859,IMGP0125,181,-14.264975,-170.687327
10581257845,5f01fc64f726a9c76d7f240b,0,True,1383169684,8,5,4858,True,4,29259841@N03,fabvirge,npsa,7c9a2564da,7345,flickr sentier corde randonnée tutuila pagopago forêthumide randonnã©e samoaaméricaines fabienmalclès forãªthumide,"Samoa américaines, Mt Alava",242,-14.257925,-170.68027800000004
10581260355,5f01fc64f726a9c76d7f240a,0,True,1383169683,6,5,4858,True,4,29259841@N03,fabvirge,npsa,d8921bbc8e,5541,flickr mousse tutuila pagopago forêthumide samoaaméricaines forãªthumide,"Samoa américaines, Mt Alava",209,-14.257925,-170.68027800000004
14692087206,5f01fc64f726a9c76d7f23f1,0,True,1406012053,3,6,5775,True,5,41034527@N03,tculek,npsa,b472656ec4,2917,,AmSamoa 331,174,-14.244845000000002,-170.67871200000005
8747754406,5f01fc64f726a9c76d7f2416,0,True,1368796873,8,8,7309,True,5,13709281@N00,BY Chu,npsa,46d9b5edb5,7325,americansamoa nationalpark nationalparkofamericansamoa polaisland southpacific tuafanuatrail tutuila,130417 Tuafanua Trail,359,-14.244867000000001,-170.678667
8747754588,5f01fc64f726a9c76d7f2415,0,True,1368796878,9,8,7309,True,5,13709281@N00,BY Chu,npsa,884d180482,8549,americansamoa nationalpark nationalparkofamericansamoa southpacific tuafanuatrail tutuila,130417 Tuafanua Trail,270,-14.244932999999998,-170.678617
8746627993,5f01fc64f726a9c76d7f2417,0,True,1368796714,8,8,7309,True,5,13709281@N00,BY Chu,npsa,ef6ec395f4,7325,americansamoa nationalpark nationalparkofamericansamoa southpacific tropicalrainforest tuafanuatrail tutuila,130417 Tuafanua Trail,310,-14.243617,-170.6769
8747735146,5f01fc64f726a9c76d7f2418,0,True,1368796299,9,8,7309,True,6,13709281@N00,BY Chu,npsa,3aea6192a1,8411,americansamoa nationalpark nationalparkofamericansamoa polaisland polaislandtrail southpacific tutuila vaiavastraitnationalnaturallandmark,130417 Vai'ava Strait National Natural Landmark,479,-14.2414,-170.671633
46374546182,5f01fc64f726a9c76d7f23e3,0,True,1545526091,8,1,751,True,6,22691745@N00,rscottjones,npsa,f9d5c8cd2b,7915,,,17,-14.242656,-170.671548
32552962368,5f01fc64f726a9c76d7f23e7,0,True,1545524085,5,1,751,True,6,22691745@N00,rscottjones,npsa,7859d37584,4853,,,15,-14.241395,-170.671539
45741536164,5f01fc64f726a9c76d7f23de,0,True,1545784816,5,1,751,True,6,22691745@N00,rscottjones,npsa,9d7d56ab24,4880,,,48,-14.242486999999999,-170.671448
46426524171,5f01fc64f726a9c76d7f23e1,0,True,1545537968,5,1,751,True,6,22691745@N00,rscottjones,npsa,fca6c4388e,4900,,,39,-14.242486999999999,-170.671448
31512841517,5f01fc64f726a9c76d7f23df,0,True,1545701475,5,1,751,True,6,22691745@N00,rscottjones,npsa,a1cd28d5a0,4825,,,45,-14.242486999999999,-170.671448
10581534263,5f01fc64f726a9c76d7f240c,0,True,1383169684,4,5,4858,True,6,29259841@N03,fabvirge,npsa,b9dbcd4b42,3674,flickr ciel nuage falaise plage galet vatia tutuila samoaaméricaines,"Samoa américaines, Tutuila",259,-14.240039000000001,-170.671416
13318599365,5f01fc64f726a9c76d7f23eb,0,True,1395448820,8,66,65535,True,6,60348236@N07,bac1967,npsa,05bd7870ff,7452,park camera usa slr film 35mm island paradise pacific kodak south national american tropical ft samoa 100 photographed petri tropics ektar vatia,National Park of American Samoa,1494,-14.240673999999999,-170.67133
45701947034,5f01fc64f726a9c76d7f23e6,0,True,1545524987,8,1,751,True,6,22691745@N00,rscottjones,npsa,89304def54,7803,,,21,-14.240855999999999,-170.67126399999995
45512296625,5f01fc64f726a9c76d7f23e5,0,True,1545525041,5,1,751,True,6,22691745@N00,rscottjones,npsa,0f7947f552,4890,,,29,-14.242231,-170.671234
8746606813,5f01fc64f726a9c76d7f2419,0,True,1368796039,9,8,7309,True,6,13709281@N00,BY Chu,npsa,f05214742d,8119,americansamoa nationalpark nationalparkofamericansamoa polaislandtrail southpacific tutuila,130417 Pola Island Trail,307,-14.24225,-170.67121699999996
13132461933,5f01fc64f726a9c76d7f2401,0,True,1394739581,3,1,456,True,6,81483064@N06,"S&PF, USFS Pacific Southwest Region",npsa,3d4518d7a1,2009,meeting pic americansamoa tutuila,IMG_3235,83,-14.240881,-170.671209
5586429456,5f01fc64f726a9c76d7f240e,0,True,1301860312,6,6,5542,True,6,9071562@N03,Herb In Hawaii,npsa,1a5883372b,5265,ocean trees green beach water rock island see sand rocks waves natural pacific bluewater bluesky landmark cliffs pacificocean national land samoa herb americansamoa bluesea tutuila rocksounds vaiavastrait vatiabay polatai,laying an Egg (2),225,-14.240591,-170.671185
5586429700,5f01fc64f726a9c76d7f2422,0,True,1301860316,6,6,5542,True,6,9071562@N03,Herb In Hawaii,npsa,9d94099d79,5228,ocean trees green beach water rock island see sand rocks waves natural pacific bluewater bluesky landmark cliffs pacificocean national land samoa herb americansamoa bluesea tutuila rocksounds vaiavastrait vatiabay polatai,laying an Egg (3),147,-14.240591,-170.671185
5586428074,5f01fc64f726a9c76d7f2428,0,True,1301860290,6,6,5542,True,6,9071562@N03,Herb In Hawaii,npsa,07a7bb0497,5228,ocean trees green beach water rock island see sand rocks waves natural pacific bluewater bluesky landmark cliffs pacificocean national land samoa herb americansamoa bluesea tutuila rocksounds vaiavastrait vatiabay polatai,Vai'ava Strait (21),63,-14.240591,-170.671185
5585833201,5f01fc64f726a9c76d7f2436,0,True,1301860227,6,6,5542,True,6,9071562@N03,Herb In Hawaii,npsa,15be8efefe,5058,ocean trees green beach water rock island see sand rocks waves natural pacific bluewater bluesky landmark cliffs pacificocean national land samoa herb americansamoa bluesea tutuila rocksounds vaiavastrait vatiabay polatai,Vai'ava Strait (6),177,-14.240591,-170.671185
5585833685,5f01fc64f726a9c76d7f2434,0,True,1301860236,6,6,5542,True,6,9071562@N03,Herb In Hawaii,npsa,687b357e49,5011,ocean trees green beach water rock island see sand rocks waves natural pacific bluewater bluesky landmark cliffs pacificocean national land samoa herb americansamoa bluesea tutuila rocksounds vaiavastrait vatiabay polatai,Vai'ava Strait (8),82,-14.240591,-170.671185
5586337544,5f01fc64f726a9c76d7f243c,0,True,1301858735,6,6,5542,True,6,9071562@N03,Herb In Hawaii,npsa,673d9ac9dd,5099,ocean trees green beach water rock island see sand rocks waves natural pacific bluewater bluesky landmark cliffs pacificocean national land samoa herb americansamoa bluesea tutuila rocksounds vaiavastrait vatiabay polatai,Sea Creatures,125,-14.240591,-170.671185
5586263836,5f01fc64f726a9c76d7f2443,0,True,1301857408,6,6,5542,True,6,9071562@N03,Herb In Hawaii,npsa,43b3d24b51,5266,ocean trees green beach water rock island see sand rocks waves natural pacific bluewater bluesky landmark cliffs pacificocean national land samoa herb americansamoa bluesea tutuila rocksounds vaiavastrait vatiabay polatai,Vai'ava Strait 1,149,-14.240591,-170.671185
5585836631,5f01fc64f726a9c76d7f2429,0,True,1301860284,6,6,5542,True,6,9071562@N03,Herb In Hawaii,npsa,828bc3972e,5069,ocean trees green beach water rock island see sand rocks waves natural pacific bluewater bluesky landmark cliffs pacificocean national land samoa herb americansamoa bluesea tutuila rocksounds vaiavastrait vatiabay polatai,Vai'ava Strait (20),75,-14.240591,-170.671185
5585711771,5f01fc64f726a9c76d7f2440,0,True,1301858108,6,6,5542,True,6,9071562@N03,Herb In Hawaii,npsa,03883a8c50,5260,ocean trees green beach water rock island see sand rocks waves natural pacific bluewater bluesky landmark cliffs pacificocean national land samoa herb americansamoa bluesea tutuila rocksounds vaiavastrait vatiabay polatai,big rocks,133,-14.240591,-170.671185
5586429166,5f01fc64f726a9c76d7f2423,0,True,1301860307,6,6,5542,True,6,9071562@N03,Herb In Hawaii,npsa,a3ebe6da35,5221,ocean trees green beach water rock island see sand rocks waves natural pacific bluewater bluesky landmark cliffs pacificocean national land samoa herb americansamoa bluesea tutuila rocksounds vaiavastrait vatiabay polatai,Vai'ava Strait (26),79,-14.240591,-170.671185
5586427542,5f01fc64f726a9c76d7f242a,0,True,1301860282,6,6,5542,True,6,9071562@N03,Herb In Hawaii,npsa,07841b414b,5306,ocean trees green beach water rock island see sand rocks waves natural pacific bluewater bluesky landmark cliffs pacificocean national land samoa herb americansamoa bluesea tutuila rocksounds vaiavastrait vatiabay polatai,Vai'ava Strait (19),148,-14.240591,-170.671185
5586427354,5f01fc64f726a9c76d7f242b,0,True,1301860279,6,6,5542,True,6,9071562@N03,Herb In Hawaii,npsa,4a31bb0ecb,5019,ocean trees green beach water rock island see sand rocks waves natural pacific bluewater bluesky landmark cliffs pacificocean national land samoa herb americansamoa bluesea tutuila rocksounds vaiavastrait vatiabay polatai,Vai'ava Strait (18),114,-14.240591,-170.671185
5585835265,5f01fc64f726a9c76d7f242f,0,True,1301860262,6,6,5542,True,6,9071562@N03,Herb In Hawaii,npsa,bfc48a4b70,5068,ocean trees green beach water rock island see sand rocks waves natural pacific bluewater bluesky landmark cliffs pacificocean national land samoa herb americansamoa bluesea tutuila rocksounds vaiavastrait vatiabay polatai,Vai'ava Strait (14),123,-14.240591,-170.671185
5586321558,5f01fc64f726a9c76d7f243e,0,True,1301858451,6,6,5542,True,6,9071562@N03,Herb In Hawaii,npsa,195bef5f47,5062,ocean trees green beach water rock island see sand rocks waves natural pacific bluewater bluesky landmark cliffs pacificocean national land samoa herb americansamoa bluesea tutuila rocksounds vaiavastrait vatiabay polatai,beach walk 3,182,-14.240591,-170.671185
5586428758,5f01fc64f726a9c76d7f2425,0,True,1301860300,6,6,5542,True,6,9071562@N03,Herb In Hawaii,npsa,3909909cb5,5021,ocean trees green beach water rock island see sand rocks waves natural pacific bluewater bluesky landmark cliffs pacificocean national land samoa herb americansamoa bluesea tutuila rocksounds vaiavastrait vatiabay polatai,Vai'ava Strait (24),112,-14.240591,-170.671185
5585734327,5f01fc64f726a9c76d7f243d,0,True,1301858523,6,6,5542,True,6,9071562@N03,Herb In Hawaii,npsa,5f6934710a,5055,ocean trees green beach water rock island see sand rocks waves natural pacific bluewater bluesky landmark cliffs pacificocean national land samoa herb americansamoa bluesea tutuila rocksounds vaiavastrait vatiabay polatai,beach walk 4,137,-14.240591,-170.671185
5586309266,5f01fc64f726a9c76d7f243f,0,True,1301858222,6,6,5542,True,6,9071562@N03,Herb In Hawaii,npsa,7c8ac5fcf2,5310,ocean trees green beach water rock island see sand rocks waves natural pacific bluewater bluesky landmark cliffs pacificocean national land samoa herb americansamoa bluesea tutuila rocksounds vaiavastrait vatiabay polatai,beach walk 2,247,-14.240591,-170.671185
5585832965,5f01fc64f726a9c76d7f2437,0,True,1301860224,6,6,5542,True,6,9071562@N03,Herb In Hawaii,npsa,972c454fe9,5102,ocean trees green beach water rock island see sand rocks waves natural pacific bluewater bluesky landmark cliffs pacificocean national land samoa herb americansamoa bluesea tutuila rocksounds vaiavastrait vatiabay polatai,Vai'ava Strait (5),74,-14.240591,-170.671185
5586423570,5f01fc64f726a9c76d7f2438,0,True,1301860219,6,6,5542,True,6,9071562@N03,Herb In Hawaii,npsa,3d91833e6e,5024,ocean trees green beach water rock island see sand rocks waves natural pacific bluewater bluesky landmark cliffs pacificocean national land samoa herb americansamoa bluesea tutuila rocksounds vaiavastrait vatiabay polatai,Vai'ava Strait (4),135,-14.240591,-170.671185
5585839765,5f01fc64f726a9c76d7f241e,0,True,1301860335,6,6,5542,True,6,9071562@N03,Herb In Hawaii,npsa,77cf1bb11e,5253,ocean trees green beach water rock island see sand rocks waves natural pacific bluewater bluesky landmark cliffs pacificocean national land samoa herb americansamoa bluesea tutuila rocksounds vaiavastrait vatiabay polatai,dead coconut crab (5),234,-14.240591,-170.671185
5585839089,5f01fc64f726a9c76d7f2420,0,True,1301860324,6,6,5542,True,6,9071562@N03,Herb In Hawaii,npsa,8abbe50fca,5293,ocean trees green beach water rock island see sand rocks waves natural pacific bluewater bluesky landmark cliffs pacificocean national land samoa herb americansamoa bluesea tutuila rocksounds vaiavastrait vatiabay polatai,dead coconut crab (4),213,-14.240591,-170.671185
5586426574,5f01fc64f726a9c76d7f242e,0,True,1301860265,6,6,5542,True,6,9071562@N03,Herb In Hawaii,npsa,cba895a910,5070,ocean trees green beach water rock island see sand rocks waves natural pacific bluewater bluesky landmark cliffs pacificocean national land samoa herb americansamoa bluesea tutuila rocksounds vaiavastrait vatiabay polatai,Vai'ava Strait (15),161,-14.240591,-170.671185
5586431554,5f01fc64f726a9c76d7f241c,0,True,1301860343,6,6,5542,True,6,9071562@N03,Herb In Hawaii,npsa,e0307469ca,5265,ocean trees green beach water rock island see sand rocks waves natural pacific bluewater bluesky landmark cliffs pacificocean national land samoa herb americansamoa bluesea tutuila rocksounds vaiavastrait vatiabay polatai,dead coconut crab (2),459,-14.240591,-170.671185
5586429938,5f01fc64f726a9c76d7f2421,0,True,1301860320,6,6,5542,True,6,9071562@N03,Herb In Hawaii,npsa,825dccbe11,5173,ocean trees green beach water rock island see sand rocks waves natural pacific bluewater bluesky landmark cliffs pacificocean national land samoa herb americansamoa bluesea tutuila rocksounds vaiavastrait vatiabay polatai,laying an Egg (1),119,-14.240591,-170.671185
5585837133,5f01fc64f726a9c76d7f2427,0,True,1301860293,6,6,5542,True,6,9071562@N03,Herb In Hawaii,npsa,273c8a0e9e,5132,ocean trees green beach water rock island see sand rocks waves natural pacific bluewater bluesky landmark cliffs pacificocean national land samoa herb americansamoa bluesea tutuila rocksounds vaiavastrait vatiabay polatai,Vai'ava Strait (22),108,-14.240591,-170.671185
5586426146,5f01fc64f726a9c76d7f2430,0,True,1301860259,6,6,5542,True,6,9071562@N03,Herb In Hawaii,npsa,43a681371e,5138,ocean trees green beach water rock island see sand rocks waves natural pacific bluewater bluesky landmark cliffs pacificocean national land samoa herb americansamoa bluesea tutuila rocksounds vaiavastrait vatiabay polatai,Vai'ava Strait (13),137,-14.240591,-170.671185
5585832097,5f01fc64f726a9c76d7f243a,0,True,1301860210,6,6,5542,True,6,9071562@N03,Herb In Hawaii,npsa,bc7922a87e,5226,ocean trees green beach water rock island see sand rocks waves natural pacific bluewater bluesky landmark cliffs pacificocean national land samoa herb americansamoa bluesea tutuila rocksounds vaiavastrait vatiabay polatai,Vai'ava Strait (2),117,-14.240591,-170.671185
5585701909,5f01fc64f726a9c76d7f2441,0,True,1301857936,6,6,5542,True,6,9071562@N03,Herb In Hawaii,npsa,5cc1901cc8,5015,ocean trees green beach water rock island see sand rocks waves natural pacific bluewater bluesky landmark cliffs pacificocean national land samoa herb americansamoa bluesea tutuila rocksounds vaiavastrait vatiabay polatai,Beach walk 1,168,-14.240591,-170.671185
5586278652,5f01fc64f726a9c76d7f2442,0,True,1301857671,6,6,5542,True,6,9071562@N03,Herb In Hawaii,npsa,8d1aeb38d5,5102,ocean trees green beach water rock island see sand rocks waves natural pacific bluewater bluesky landmark cliffs pacificocean national land samoa herb americansamoa bluesea tutuila rocksounds vaiavastrait vatiabay polatai,First walk to Rocky Beach,163,-14.240591,-170.671185
5586425218,5f01fc64f726a9c76d7f240f,0,True,1301860245,6,6,5542,True,6,9071562@N03,Herb In Hawaii,npsa,29a49df54d,5221,ocean trees green beach water rock island see sand rocks waves natural pacific bluewater bluesky landmark cliffs pacificocean national land samoa herb americansamoa bluesea tutuila rocksounds vaiavastrait vatiabay polatai,Vai'ava Strait (10),107,-14.240591,-170.671185
5585834833,5f01fc64f726a9c76d7f2431,0,True,1301860255,6,6,5542,True,6,9071562@N03,Herb In Hawaii,npsa,ab16958e89,5137,ocean trees green beach water rock island see sand rocks waves natural pacific bluewater bluesky landmark cliffs pacificocean national land samoa herb americansamoa bluesea tutuila rocksounds vaiavastrait vatiabay polatai,Vai'ava Strait (12),104,-14.240591,-170.671185
5586430786,5f01fc64f726a9c76d7f241f,0,True,1301860332,6,6,5542,True,6,9071562@N03,Herb In Hawaii,npsa,f3e3e4fe8e,5264,ocean trees green beach water rock island see sand rocks waves natural pacific bluewater bluesky landmark cliffs pacificocean national land samoa herb americansamoa bluesea tutuila rocksounds vaiavastrait vatiabay polatai,dead coconut crab (3),223,-14.240591,-170.671185
5586425644,5f01fc64f726a9c76d7f2432,0,True,1301860252,6,6,5542,True,6,9071562@N03,Herb In Hawaii,npsa,e1b7b9491a,5015,ocean trees green beach water rock island see sand rocks waves natural pacific bluewater bluesky landmark cliffs pacificocean national land samoa herb americansamoa bluesea tutuila rocksounds vaiavastrait vatiabay polatai,Vai'ava Strait (11),76,-14.240591,-170.671185
5585832301,5f01fc64f726a9c76d7f2439,0,True,1301860214,6,6,5542,True,6,9071562@N03,Herb In Hawaii,npsa,2424bf343e,5310,ocean trees green beach water rock island see sand rocks waves natural pacific bluewater bluesky landmark cliffs pacificocean national land samoa herb americansamoa bluesea tutuila rocksounds vaiavastrait vatiabay polatai,Vai'ava Strait (3),151,-14.240591,-170.671185
5586426842,5f01fc64f726a9c76d7f242d,0,True,1301860270,6,6,5542,True,6,9071562@N03,Herb In Hawaii,npsa,b8acdb3026,5177,ocean trees green beach water rock island see sand rocks waves natural pacific bluewater bluesky landmark cliffs pacificocean national land samoa herb americansamoa bluesea tutuila rocksounds vaiavastrait vatiabay polatai,Vai'ava Strait (16),119,-14.240591,-170.671185
5585833893,5f01fc64f726a9c76d7f2433,0,True,1301860239,6,6,5542,True,6,9071562@N03,Herb In Hawaii,npsa,5e3db48937,5300,ocean trees green beach water rock island see sand rocks waves natural pacific bluewater bluesky landmark cliffs pacificocean national land samoa herb americansamoa bluesea tutuila rocksounds vaiavastrait vatiabay polatai,Vai'ava Strait (9),124,-14.240591,-170.671185
5586424342,5f01fc64f726a9c76d7f2435,0,True,1301860232,6,6,5542,True,6,9071562@N03,Herb In Hawaii,npsa,978dffb7d0,5226,ocean trees green beach water rock island see sand rocks waves natural pacific bluewater bluesky landmark cliffs pacificocean national land samoa herb americansamoa bluesea tutuila rocksounds vaiavastrait vatiabay polatai,Vai'ava Strait (7),101,-14.240591,-170.671185
5586431260,5f01fc64f726a9c76d7f241d,0,True,1301860338,6,6,5542,True,6,9071562@N03,Herb In Hawaii,npsa,c3c67e7b89,5020,ocean trees green beach water rock island see sand rocks waves natural pacific bluewater bluesky landmark cliffs pacificocean national land samoa herb americansamoa bluesea tutuila rocksounds vaiavastrait vatiabay polatai,dead coconut crab (1),290,-14.240591,-170.671185
5585837281,5f01fc64f726a9c76d7f2426,0,True,1301860296,6,6,5542,True,6,9071562@N03,Herb In Hawaii,npsa,c0bf5afef5,5017,ocean trees green beach water rock island see sand rocks waves natural pacific bluewater bluesky landmark cliffs pacificocean national land samoa herb americansamoa bluesea tutuila rocksounds vaiavastrait vatiabay polatai,Vai'ava Strait (23),156,-14.240591,-170.671185
5586428954,5f01fc64f726a9c76d7f2424,0,True,1301860304,6,6,5542,True,6,9071562@N03,Herb In Hawaii,npsa,ed51e2c8d8,5263,ocean trees green beach water rock island see sand rocks waves natural pacific bluewater bluesky landmark cliffs pacificocean national land samoa herb americansamoa bluesea tutuila rocksounds vaiavastrait vatiabay polatai,Vai'ava Strait (25),88,-14.240591,-170.671185
5586427086,5f01fc64f726a9c76d7f242c,0,True,1301860275,6,6,5542,True,6,9071562@N03,Herb In Hawaii,npsa,985a996fbc,5305,ocean trees green beach water rock island see sand rocks waves natural pacific bluewater bluesky landmark cliffs pacificocean national land samoa herb americansamoa bluesea tutuila rocksounds vaiavastrait vatiabay polatai,Vai'ava Strait (17),72,-14.240591,-170.671185
5586422832,5f01fc64f726a9c76d7f243b,0,True,1301860206,6,6,5542,True,6,9071562@N03,Herb In Hawaii,npsa,52fa88e227,5264,ocean trees green beach water rock island see sand rocks waves natural pacific bluewater bluesky landmark cliffs pacificocean national land samoa herb americansamoa bluesea tutuila rocksounds vaiavastrait vatiabay polatai,Vai'ava Strait (1),126,-14.240591,-170.671185
14692087176,5f01fc64f726a9c76d7f23f2,0,True,1406012053,6,6,5775,True,6,41034527@N03,tculek,npsa,5b0b9546c3,5578,,AmSamoa 592,148,-14.240864000000002,-170.671173
14692087226,5f01fc64f726a9c76d7f23f0,0,True,1406012053,3,6,5775,True,6,41034527@N03,tculek,npsa,073ae6e09f,2921,,AmSamoa 324,182,-14.240864000000002,-170.671173
46374546592,5f01fc64f726a9c76d7f23e2,0,True,1545526094,5,1,751,True,6,22691745@N00,rscottjones,npsa,e0a5796ffc,4855,,,20,-14.240862,-170.671142
44608186200,5f01fc64f726a9c76d7f23e8,0,True,1545524083,5,1,751,True,6,22691745@N00,rscottjones,npsa,b47745f29c,4854,,,62,-14.240870000000001,-170.67113700000004
48249494761,5f01fc64f726a9c76d7f23d2,0,True,1562769135,66,8,7895,True,6,46385530@N00,abanderson22,npsa,70b1cf92ef,65535,ocean nationalparkofamericansamoa beach nature americansamoanationalpark southpacific tutuila americansamoa,Vatia Coast,111,-14.240855999999999,-170.671114
31498954507,5f01fc64f726a9c76d7f23e0,0,True,1545610509,8,1,751,True,6,22691745@N00,rscottjones,npsa,f50a0bbc0e,7821,,,56,-14.240789000000001,-170.671037
8747698882,5f01fc64f726a9c76d7f241a,0,True,1368795097,9,8,7309,True,7,13709281@N00,BY Chu,npsa,013f50390d,8119,americansamoa flower nationalpark nationalparkofamericansamoa polaisland southpacific tutuila,130417 Pola Island,457,-14.249683,-170.664433
13132663484,5f01fc64f726a9c76d7f23fc,0,True,1394739564,4,1,456,True,7,81483064@N06,"S&PF, USFS Pacific Southwest Region",npsa,fe93045b23,3782,meeting pic americansamoa tutuila,IMG_3206,72,-14.249362,-170.66402
13132662494,5f01fc64f726a9c76d7f23fe,0,True,1394739565,8,1,456,True,7,81483064@N06,"S&PF, USFS Pacific Southwest Region",npsa,bd87803ca5,7301,meeting pic americansamoa tutuila,IMG_3208,77,-14.249412,-170.66398700000005
13132660474,5f01fc64f726a9c76d7f2400,0,True,1394739566,4,1,456,True,7,81483064@N06,"S&PF, USFS Pacific Southwest Region",npsa,c4f47898ee,3677,meeting pic americansamoa tutuila,IMG_3209,77,-14.249403,-170.663959
13132371395,5f01fc64f726a9c76d7f23fb,0,True,1394739563,4,1,456,True,7,81483064@N06,"S&PF, USFS Pacific Southwest Region",npsa,99d295d013,3824,meeting pic americansamoa tutuila,IMG_3204,79,-14.249481,-170.663937
13132369055,5f01fc64f726a9c76d7f23ff,0,True,1394739565,4,1,456,True,7,81483064@N06,"S&PF, USFS Pacific Southwest Region",npsa,17729d8611,3758,meeting pic americansamoa tutuila,IMG_3207,80,-14.249384,-170.663923
13132371815,5f01fc64f726a9c76d7f23fa,0,True,1394739562,4,1,456,True,7,81483064@N06,"S&PF, USFS Pacific Southwest Region",npsa,e5b4fdf6ec,3708,meeting pic americansamoa tutuila,IMG_3203,78,-14.249523000000002,-170.663876
13132370495,5f01fc64f726a9c76d7f23fd,0,True,1394739564,4,1,456,True,7,81483064@N06,"S&PF, USFS Pacific Southwest Region",npsa,295bc29ea3,3743,meeting pic americansamoa tutuila,IMG_3205,79,-14.249317000000001,-170.66386699999995
4039227594,5f01fc64f726a9c76d7f2471,0,True,1256363521,3,4,3775,True,7,12049281@N06,dazt,npsa,561d00e471,2615,americansamoa polaisland,DAZ_5924,134,-14.249101999999999,-170.663455
44608309440,5f01fc64f726a9c76d7f23e4,0,True,1545525075,5,1,751,True,7,22691745@N00,rscottjones,npsa,f5d5447ee9,4890,,,22,-14.248753,-170.662506
45525756555,5f01fc64f726a9c76d7f23d4,0,True,1545610505,5,1,751,True,7,22691745@N00,rscottjones,npsa,9eb513353c,4841,,,28,-14.248692000000002,-170.662445
13132667464,5f01fc64f726a9c76d7f23f7,0,True,1394739560,3,1,456,True,7,81483064@N06,"S&PF, USFS Pacific Southwest Region",npsa,49f95ce4c3,2664,meeting pic americansamoa tutuila,IMG_3200,77,-14.248408999999999,-170.661945
13132375485,5f01fc64f726a9c76d7f23f5,0,True,1394739559,8,1,456,True,7,81483064@N06,"S&PF, USFS Pacific Southwest Region",npsa,2b464d5d42,7405,meeting pic americansamoa tutuila,IMG_3198,69,-14.248414000000002,-170.661773
13132668354,5f01fc64f726a9c76d7f23f6,0,True,1394739559,3,1,456,True,7,81483064@N06,"S&PF, USFS Pacific Southwest Region",npsa,97c3881e34,2181,meeting pic americansamoa tutuila,IMG_3199,80,-14.248408999999999,-170.66177
32552960138,5f01fc64f726a9c76d7f23e9,0,True,1545524066,8,1,751,True,7,22691745@N00,rscottjones,npsa,c855b627d6,7836,,,18,-14.248406,-170.661745
47874300371,5f01fc64f726a9c76d7f23dc,0,True,1558184095,66,2,1526,True,7,139587077@N03,Carbon624,npsa,b85d8a495c,65535,princesscruiseline pcl starprincess 28dayhawaiitahitisamoacruise nationalparkofamericansamoa americansamoaflagday2019 pagopago americansamoa,850_7677,205,-14.248545000000002,-170.66173899999995
33997129368,5f01fc64f726a9c76d7f23db,0,True,1558184095,66,2,1526,True,7,139587077@N03,Carbon624,npsa,0cdb393ced,65535,princesscruiseline pcl starprincess 28dayhawaiitahitisamoacruise nationalparkofamericansamoa americansamoaflagday2019 pagopago americansamoa,850_7675,207,-14.248545000000002,-170.66173899999995
47084960944,5f01fc64f726a9c76d7f23dd,0,True,1558184095,66,2,1526,True,7,139587077@N03,Carbon624,npsa,93c0df8037,65535,princesscruiseline pcl starprincess 28dayhawaiitahitisamoacruise nationalparkofamericansamoa americansamoaflagday2019 pagopago americansamoa,850_7676,207,-14.248545000000002,-170.66173899999995
8746657525,5f01fc64f726a9c76d7f2412,0,True,1368797492,8,8,7309,True,7,13709281@N00,BY Chu,npsa,4d00c67010,7310,americansamoa lowersaumaridgetrail nationalpark nationalparkofamericansamoa southpacific tropicalrainforest tutuila,130417 Lower Sauma Ridge Trail,375,-14.2485,-170.66171699999995
8746648379,5f01fc64f726a9c76d7f2414,0,True,1368797229,8,8,7309,True,7,13709281@N00,BY Chu,npsa,d79d0e1731,7294,americansamoa nationalpark nationalparkofamericansamoa polaisland southpacific tuafanuatrail tutuila,130417 Pola Island,558,-14.2485,-170.66171699999995
8746657159,5f01fc64f726a9c76d7f2413,0,True,1368797482,8,8,7309,True,7,13709281@N00,BY Chu,npsa,39899c64cc,7319,americansamoa lowersaumaridgetrail nationalpark nationalparkofamericansamoa southpacific tropicalrainforest tutuila,130417 Lower Sauma Ridge Trail,381,-14.2485,-170.66171699999995
4038476087,5f01fc64f726a9c76d7f2473,0,True,1256363425,3,4,3775,True,7,12049281@N06,dazt,npsa,d935af6703,2526,americansamoa polaisland valauastrait,DAZ_5911,141,-14.248582,-170.661706
5534307644,5f01fc64f726a9c76d7f2446,0,True,1300348037,6,1,55,True,7,34119366@N00,TheMitchells,npsa,feb0ca7d47,5215,eastern americansamoa bankofhawaii,DSC_0395.jpg,174,-14.248503,-170.661698
5533727601,5f01fc64f726a9c76d7f2444,0,True,1300348128,6,1,55,True,7,34119366@N00,TheMitchells,npsa,1384193492,5052,eastern americansamoa bankofhawaii,DSC_0404.jpg,197,-14.248503,-170.661698
5534308572,5f01fc64f726a9c76d7f2445,0,True,1300348086,6,1,55,True,7,34119366@N00,TheMitchells,npsa,9af9056a73,5296,eastern americansamoa bankofhawaii,DSC_0398.jpg,177,-14.248503,-170.661698
26809050781,5f01fc64f726a9c76d7f23ed,0,True,1462658330,8,4,3775,True,7,12049281@N06,dazt,npsa,294ea84084,7304,,DAZ55434 -1,56,-14.248542,-170.661628
4039227012,5f01fc64f726a9c76d7f2472,0,True,1256363495,3,4,3775,True,7,12049281@N06,dazt,npsa,88bdf2e246,2526,memorial tsunami americansamoa scenicview,DAZ_5925,147,-14.248577,-170.661621
4038461295,5f01fc64f726a9c76d7f2476,0,True,1256362822,3,4,3775,True,7,12049281@N06,dazt,npsa,ab2173db81,2430,americansamoa polaisland,DAZ_5910,147,-14.248577,-170.661621
13132373965,5f01fc64f726a9c76d7f23f8,0,True,1394739561,4,1,456,True,7,81483064@N06,"S&PF, USFS Pacific Southwest Region",npsa,6ecb5106ac,3700,meeting pic americansamoa tutuila,IMG_3202,89,-14.248675,-170.66155
13132373305,5f01fc64f726a9c76d7f23f9,0,True,1394739561,8,1,456,True,7,81483064@N06,"S&PF, USFS Pacific Southwest Region",npsa,44861772bc,7459,meeting pic americansamoa tutuila,IMG_3201,72,-14.248486999999999,-170.661531
8747778524,5f01fc64f726a9c76d7f2411,0,True,1368797505,9,8,7309,True,7,13709281@N00,BY Chu,npsa,ce03235f48,8536,americansamoa lowersaumaridgetrail nationalpark nationalparkofamericansamoa southpacific tropicalrainforest tutuila,130417 Lower Sauma Ridge Trail,309,-14.24595,-170.66098300000004
47874406561,5f01fc64f726a9c76d7f23d8,0,True,1558184092,66,2,1526,True,8,139587077@N03,Carbon624,npsa,1e79209cb3,65535,princesscruiseline pcl starprincess 28dayhawaiitahitisamoacruise nationalparkofamericansamoa americansamoaflagday2019 pagopago americansamoa,850_7671,203,-14.253256,-170.656689
47085047534,5f01fc64f726a9c76d7f23d9,0,True,1558184093,66,2,1526,True,8,139587077@N03,Carbon624,npsa,d51844ec24,65535,princesscruiseline pcl starprincess 28dayhawaiitahitisamoacruise nationalparkofamericansamoa americansamoaflagday2019 pagopago americansamoa,850_7672,204,-14.253256,-170.656689
47874439271,5f01fc64f726a9c76d7f23d7,0,True,1558184091,66,2,1526,True,8,139587077@N03,Carbon624,npsa,ba689a3cb7,65535,princesscruiseline pcl starprincess 28dayhawaiitahitisamoacruise nationalparkofamericansamoa americansamoaflagday2019 pagopago americansamoa,850_7670,249,-14.253256,-170.656689
46958165805,5f01fc64f726a9c76d7f23da,0,True,1558184094,66,2,1526,True,8,139587077@N03,Carbon624,npsa,cc011de41a,65535,princesscruiseline pcl starprincess 28dayhawaiitahitisamoacruise nationalparkofamericansamoa americansamoaflagday2019 pagopago americansamoa,850_7674,207,-14.253256,-170.656689
5533725139,5f01fc64f726a9c76d7f2447,0,True,1300348004,6,1,55,True,8,34119366@N00,TheMitchells,npsa,beabe94caa,5093,eastern americansamoa bankofhawaii,DSC_0386.jpg,173,-14.253145000000002,-170.656425
4038470785,5f01fc64f726a9c76d7f2474,0,True,1256363194,3,4,3775,True,9,12049281@N06,dazt,npsa,d282804872,2660,americansamoa pagopago,DAZ_5914,345,-14.266753,-170.65573
4038463299,5f01fc64f726a9c76d7f2475,0,True,1256362898,3,4,3775,True,9,12049281@N06,dazt,npsa,e239ca48e3,2648,americansamoa pagopago pagopagoharbor,DAZ_5913,209,-14.266753,-170.65573
44635717260,5f01fc64f726a9c76d7f23d3,0,True,1545701442,5,1,751,True,9,22691745@N00,rscottjones,npsa,8161590794,4853,,,27,-14.266759,-170.6557
32554738378,5f01fc64f726a9c76d7f23d5,0,True,1545537926,5,1,751,True,9,22691745@N00,rscottjones,npsa,0ae1f10a5d,4910,,,17,-14.266759,-170.6557
8747786512,5f01fc64f726a9c76d7f2410,0,True,1368797727,8,8,7309,True,9,13709281@N00,BY Chu,npsa,31de475c0f,7307,nationalpark southpacific americansamoa tutuila nationalparkofamericansamoa rainmakermountainnationalnaturallandmark,"130417 Rainmaker Mountain, a National Natural Landmark",369,-14.266832999999998,-170.655683
5534302578,5f01fc64f726a9c76d7f244a,0,True,1300347783,6,1,55,True,9,34119366@N00,TheMitchells,npsa,0c978f8ef3,5020,eastern americansamoa bankofhawaii,DSC_0368.jpg,173,-14.266778,-170.655584
5533722441,5f01fc64f726a9c76d7f2448,0,True,1300347866,6,1,55,True,9,34119366@N00,TheMitchells,npsa,bac527693d,5292,eastern americansamoa bankofhawaii,DSC_0378.jpg,208,-14.266778,-170.655584
5534303298,5f01fc64f726a9c76d7f2449,0,True,1300347821,6,1,55,True,9,34119366@N00,TheMitchells,npsa,a733ecfab5,5139,eastern americansamoa bankofhawaii,DSC_0372.jpg,174,-14.266778,-170.655584
13132377705,5f01fc64f726a9c76d7f23f3,0,True,1394739557,8,1,456,True,9,81483064@N06,"S&PF, USFS Pacific Southwest Region",npsa,e3fb351f2b,7428,meeting pic americansamoa tutuila,IMG_3196,71,-14.266881,-170.655434
13318919654,5f01fc64f726a9c76d7f23ec,0,True,1395448575,8,66,65535,True,9,60348236@N07,bac1967,npsa,2bcd69129e,7098,camera usa flower tree slr film 35mm island paradise pacific kodak south palm ridge american tropical ft samoa 100 photographed petri tropics ektar ogetu,Ogetu Ridge,669,-14.266732999999999,-170.65543
13132376075,5f01fc64f726a9c76d7f23f4,0,True,1394739558,3,1,456,True,9,81483064@N06,"S&PF, USFS Pacific Southwest Region",npsa,71f83c4e97,2539,meeting pic americansamoa tutuila,IMG_3197,77,-14.266828,-170.655306
8747694186,5f01fc64f726a9c76d7f241b,0,True,1368794913,9,8,7309,True,8,13709281@N00,BY Chu,npsa,833cdc9e1c,8535,nationalpark southpacific americansamoa tutuila nationalparkofamericansamoa vatiabay,130417 Vatia Bay,235,-14.25175,-170.655017
31485474407,5f01fc64f726a9c76d7f23d6,0,True,1545526097,5,1,751,True,8,22691745@N00,rscottjones,npsa,c9b904e3ee,4864,,,20,-14.251714000000002,-170.655014
