,id,owner,secret,server,farm,title,ispublic,isfriend,isfamily,dateupload,ownername,iconserver,iconfarm,views,tags,originalsecret,originalformat,latitude,longitude,accuracy,context,place_id,woeid,geo_is_public,geo_is_contact,geo_is_friend,geo_is_family,machine_tags
0,48114903592,76718154@N00,84b75f616c,65535,66,CEZero_2019,1,0,0,1561308274,Christian Zimmerman,140,1,11,,69b2638b3b,jpg,67.040833,-158.832184,16,0,,7117611,1,0,0,0,
1,48114446348,76718154@N00,40750d1dbf,65535,66,CEZero_2019,1,0,0,1561304007,Christian Zimmerman,140,1,19,,d4c5ac4822,jpg,67.042236,-158.833437,16,0,,7117611,1,0,0,0,
2,48114503122,76718154@N00,a17c44f1fa,65535,66,CEZero_2019,1,0,0,1561304006,Christian Zimmerman,140,1,8,,9c70c85bc1,jpg,67.040122,-158.831100,16,0,,7117611,1,0,0,0,
3,48114358291,76718154@N00,c73d76b5e5,65535,66,CEZero_2019,1,0,0,1561303446,Christian Zimmerman,140,1,8,,052c3d6f32,jpg,67.042236,-158.833437,16,0,,7117611,1,0,0,0,
4,48111188103,76718154@N00,c374e8fe0f,65535,66,CEZero_2019,1,0,0,1561251649,Christian Zimmerman,140,1,3,,30becdd75d,jpg,67.038802,-158.835189,16,0,,7117611,1,0,0,0,
5,48111172818,76718154@N00,3067a211a1,65535,66,CEZero_2019,1,0,0,1561251406,Christian Zimmerman,140,1,3,,21de521bde,jpg,67.040772,-158.831787,16,0,,7117611,1,0,0,0,
6,48109493601,76718154@N00,f94c2c30c4,65535,66,CEZero_2019,1,0,0,1561227930,Christian Zimmerman,140,1,2,,d86e9a35b5,jpg,67.040152,-158.830978,16,0,,7117611,1,0,0,0,
7,48109524867,76718154@N00,0ca31bc8c4,65535,66,CEZero_2019,1,0,0,1561226879,Christian Zimmerman,140,1,0,,6fd0efe1cc,jpg,67.041725,-158.834656,16,0,,7117611,1,0,0,0,
8,9925530586,41585865@N06,d2496a442d,5455,6,Funny Rocks,1,0,0,1380071638,Western Arctic National Parklands,2648,3,1663,summer rock alaska creek stream arctic backcountry geology salmonriver kova kobukvalleynationalpark northwestalaska anaktokcreek,ab0ce36f00,jpg,67.642966,-159.854339,16,0,gD9PsJpQUL9rD9oTvQ,12587571,1,0,0,0,
9,48368543542,69246431@N06,4640f8d200,65535,66,Great Kobuk Sand Dunes,1,0,0,1564008155,O.B.M.,6032,7,49,,b7da82cd77,jpg,67.020797,-158.869431,16,0,,7117611,1,0,0,0,
10,48114428657,76718154@N00,fdee64206c,65535,66,CEZero_2019,1,0,0,1561303181,Christian Zimmerman,140,1,7,,8534b99d0e,jpg,67.038802,-158.835189,16,0,,7117611,1,0,0,0,
11,48114412352,76718154@N00,9ce1430199,65535,66,CEZero_2019,1,0,0,1561303009,Christian Zimmerman,140,1,7,,5b02b4edf4,jpg,67.040772,-158.831787,16,0,,7117611,1,0,0,0,
12,48114300051,76718154@N00,f5f67ba4d7,65535,66,CEZero_2019,1,0,0,1561302836,Christian Zimmerman,140,1,206,,fd92f9ecc5,jpg,67.040169,-158.830948,16,0,,7117611,1,0,0,0,
13,48114396182,76718154@N00,5017c2a2f7,65535,66,CEZero_2019,1,0,0,1561302831,Christian Zimmerman,140,1,5,,42882714c3,jpg,67.040724,-158.831253,16,0,,7117611,1,0,0,0,
14,48111807692,76718154@N00,2e7513ba1c,65535,66,CEZero_2019,1,0,0,1561261041,Christian Zimmerman,140,1,22,,2b4fa5085d,jpg,67.040138,-158.830842,16,0,,7117611,1,0,0,0,
15,48111681188,76718154@N00,ffb3e27d94,65535,66,CEZero_2019,1,0,0,1561259953,Christian Zimmerman,140,1,4,,232fc91e3b,jpg,67.040169,-158.830995,16,0,,7117611,1,0,0,0,
16,48111479996,76718154@N00,5b396e0391,65535,66,CEZero_2019,1,0,0,1561257172,Christian Zimmerman,140,1,4,,acfee7964f,jpg,67.041655,-158.834626,16,0,,7117611,1,0,0,0,
17,48111519703,76718154@N00,fc31f56f27,65535,66,CEZero_2019,1,0,0,1561257159,Christian Zimmerman,140,1,4,,89115c38eb,jpg,67.040038,-158.831162,16,0,,7117611,1,0,0,0,
18,48111456766,76718154@N00,9d34bda023,65535,66,CEZero_2019,1,0,0,1561256801,Christian Zimmerman,140,1,4,,15633b8088,jpg,67.040352,-158.830750,16,0,,7117611,1,0,0,0,
19,48111443606,76718154@N00,b18d6d5934,65535,66,CEZero_2019,1,0,0,1561256567,Christian Zimmerman,140,1,4,,e73aa68999,jpg,67.040838,-158.832184,16,0,,7117611,1,0,0,0,
20,48111203288,76718154@N00,d99df066ae,65535,66,CEZero_2019,1,0,0,1561251905,Christian Zimmerman,140,1,22,,51ee6f7ee3,jpg,67.040055,-158.830825,16,0,,7117611,1,0,0,0,
21,48111254492,76718154@N00,a1d6079d0b,65535,66,CEZero_2019,1,0,0,1561251707,Christian Zimmerman,140,1,3,,ff9cee9860,jpg,67.042222,-158.833467,16,0,,7117611,1,0,0,0,
22,48109817576,76718154@N00,2f99897096,65535,66,CEZero_2019,1,0,0,1561232201,Christian Zimmerman,140,1,3,,4a0b275853,jpg,67.040772,-158.831787,16,0,,7117611,1,0,0,0,
23,48109589801,76718154@N00,249cc03f10,65535,66,CEZero_2019,1,0,0,1561229189,Christian Zimmerman,140,1,2,,c9758b2dd3,jpg,67.040169,-158.830948,16,0,,7117611,1,0,0,0,
24,48109589626,76718154@N00,6687c9fd17,65535,66,CEZero_2019,1,0,0,1561229187,Christian Zimmerman,140,1,2,,e3af6ba648,jpg,67.040741,-158.831239,16,0,,7117611,1,0,0,0,
25,48109518421,76718154@N00,f04c4a258c,65535,66,CEZero_2019,1,0,0,1561228228,Christian Zimmerman,140,1,2,,2f2ec42627,jpg,67.039291,-158.834748,16,0,,7117611,1,0,0,0,
26,48109373536,76718154@N00,a951236884,65535,66,CEZero_2019,1,0,0,1561226313,Christian Zimmerman,140,1,0,,98a41b6be8,jpg,67.042227,-158.833589,16,0,,7117611,1,0,0,0,
27,48109407283,76718154@N00,e10c253317,65535,66,CEZero_2019,1,0,0,1561226170,Christian Zimmerman,140,1,0,,b4c60d67e9,jpg,67.040444,-158.831589,16,0,,7117611,1,0,0,0,
28,48109464637,76718154@N00,bb2c3a9b41,65535,66,CEZero_2019,1,0,0,1561226053,Christian Zimmerman,140,1,0,,d5be6bb4e4,jpg,67.040055,-158.830825,16,0,,7117611,1,0,0,0,
29,48109399013,76718154@N00,5d20268d6b,65535,66,CEZero_2019,1,0,0,1561226048,Christian Zimmerman,140,1,0,,3eb5ab6e7f,jpg,67.041794,-158.834564,16,0,,7117611,1,0,0,0,
30,48109350496,76718154@N00,88569c72c8,65535,66,CEZero_2019,1,0,0,1561225999,Christian Zimmerman,140,1,0,,ced1f396e9,jpg,67.038994,-158.834962,16,0,,7117611,1,0,0,0,
31,48109446237,76718154@N00,8a35dc7754,65535,66,CEZero_2019,1,0,0,1561225775,Christian Zimmerman,140,1,0,,ba00c0439a,jpg,67.040772,-158.831787,16,0,,7117611,1,0,0,0,
32,48109422347,76718154@N00,d9186d41dc,65535,66,CEZero_2019,1,0,0,1561225433,Christian Zimmerman,140,1,0,,38e0ded7b2,jpg,67.039291,-158.834748,16,0,,7117611,1,0,0,0,
33,48109310341,76718154@N00,214e110eda,65535,66,CEZero_2019,1,0,0,1561225429,Christian Zimmerman,140,1,0,,9d5aa3db8b,jpg,67.042236,-158.833467,16,0,,7117611,1,0,0,0,
34,48109349458,76718154@N00,f78a3b924d,65535,66,CEZero_2019,1,0,0,1561225347,Christian Zimmerman,140,1,0,,06b94719fd,jpg,67.040147,-158.830964,16,0,,7117611,1,0,0,0,
35,48109408907,76718154@N00,4cc3e7bc7f,65535,66,CEZero_2019,1,0,0,1561225274,Christian Zimmerman,140,1,0,,07f5ab67ab,jpg,67.042227,-158.833589,16,0,,7117611,1,0,0,0,
36,48109294166,76718154@N00,455e5b9105,65535,66,CEZero_2019,1,0,0,1561225221,Christian Zimmerman,140,1,0,,031b7c6a89,jpg,67.040291,-158.831223,16,0,,7117611,1,0,0,0,
37,48109336828,76718154@N00,d60788725e,65535,66,CEZero_2019,1,0,0,1561225190,Christian Zimmerman,140,1,0,,d337dab95e,jpg,67.040030,-158.831178,16,0,,7117611,1,0,0,0,
38,48109401977,76718154@N00,df071b2be2,65535,66,CEZero_2019,1,0,0,1561225180,Christian Zimmerman,140,1,0,,237f71e545,jpg,67.041655,-158.834612,16,0,,7117611,1,0,0,0,
39,48109287486,76718154@N00,75d87b524a,65535,66,CEZero_2019,1,0,0,1561225139,Christian Zimmerman,140,1,0,,39fc5ca0db,jpg,67.040352,-158.830734,16,0,,7117611,1,0,0,0,
40,584504856,70772633@N00,cb91d172e6,1266,2,Kobuk Valley National Park - Letty scrambling up the bank of the Kobuk River,1,0,0,1540175052,Bruce and Letty,7380,8,1604,park up river bank national valley letty scrambling kobuk kubuk,d61bdbff54,jpg,67.108847,-158.224925,15,0,gD9PsJpQUL9rD9oTvQ,12587571,1,0,0,0,
41,584504758,70772633@N00,2ef57ab03d,1130,2,Kobuk Valley National Park - Landing on the Kubuk River,1,0,0,1529634251,Bruce and Letty,7380,8,999,park river landing national valley kobuk kubuk,aed213111a,jpg,67.108859,-158.225226,15,0,gD9PsJpQUL9rD9oTvQ,12587571,1,0,0,0,
42,9925371974,41585865@N06,2f420ccd2c,7352,8,Something in the water,1,0,0,1380070614,Western Arctic National Parklands,2648,3,1619,summer rock alaska creek stream arctic mineral backcountry geology salmonriver kova kobukvalleynationalpark northwestalaska bairdmountians anaktokcreek,a424759fce,jpg,67.641250,-159.852373,16,0,gD9PsJpQUL9rD9oTvQ,12587571,1,0,0,0,
43,8661975103,36448918@N05,a67e06f081,8260,9,474,1,0,0,1366377307,chefdrew1,364,1,113,snow missiontrip,,,67.087892,-157.857871,15,0,jxUNubRTUb9dTOaK,2354186,1,0,0,0,
44,8662039577,36448918@N05,c52baf59c8,8239,9,401,1,0,0,1366377253,chefdrew1,364,1,82,snow alaska dogsledding missiontrip eskimo ambler mushers dogsled inupiaq iñupiaq ambleralaska kobuk440 nativeamericaneskimo,,,67.087892,-157.857871,15,0,jxUNubRTUb9dTOaK,2354186,1,0,0,0,
45,8663135952,36448918@N05,b950dc993d,8264,9,402,1,0,0,1366377253,chefdrew1,364,1,94,snow alaska dogsledding missiontrip eskimo ambler mushers dogsled inupiaq iñupiaq ambleralaska kobuk440 nativeamericaneskimo,,,67.087892,-157.857871,15,0,jxUNubRTUb9dTOaK,2354186,1,0,0,0,
46,8663135786,36448918@N05,e10ddface0,8249,9,403,1,0,0,1366377254,chefdrew1,364,1,81,snow alaska dogsledding missiontrip eskimo ambler mushers dogsled inupiaq iñupiaq ambleralaska kobuk440 nativeamericaneskimo,,,67.087892,-157.857871,15,0,jxUNubRTUb9dTOaK,2354186,1,0,0,0,
47,8662038671,36448918@N05,eeef8a423c,8246,9,404,1,0,0,1366377255,chefdrew1,364,1,79,snow alaska dogsledding missiontrip eskimo ambler mushers dogsled inupiaq iñupiaq ambleralaska kobuk440 nativeamericaneskimo,,,67.087892,-157.857871,15,0,jxUNubRTUb9dTOaK,2354186,1,0,0,0,
48,8662038445,36448918@N05,d7cd9e9ebe,8243,9,405,1,0,0,1366377256,chefdrew1,364,1,70,snow alaska dogsledding missiontrip eskimo ambler mushers dogsled inupiaq iñupiaq ambleralaska kobuk440 nativeamericaneskimo,,,67.087892,-157.857871,15,0,jxUNubRTUb9dTOaK,2354186,1,0,0,0,
49,8663135092,36448918@N05,c4f9af30fe,8257,9,406,1,0,0,1366377256,chefdrew1,364,1,77,snow alaska dogsledding missiontrip eskimo ambler mushers dogsled inupiaq iñupiaq ambleralaska kobuk440 nativeamericaneskimo,,,67.087892,-157.857871,15,0,jxUNubRTUb9dTOaK,2354186,1,0,0,0,
50,8663134788,36448918@N05,ea5bd83602,8246,9,407,1,0,0,1366377257,chefdrew1,364,1,91,snow alaska dogsledding missiontrip eskimo ambler mushers dogsled inupiaq iñupiaq ambleralaska kobuk440 nativeamericaneskimo,,,67.087892,-157.857871,15,0,jxUNubRTUb9dTOaK,2354186,1,0,0,0,
51,8662037505,36448918@N05,715e435e3a,8241,9,408,1,0,0,1366377258,chefdrew1,364,1,86,snow alaska dogsledding missiontrip eskimo ambler mushers dogsled inupiaq iñupiaq ambleralaska kobuk440 nativeamericaneskimo,,,67.087892,-157.857871,15,0,jxUNubRTUb9dTOaK,2354186,1,0,0,0,
52,8662036979,36448918@N05,56784ee03b,8264,9,409,1,0,0,1366377259,chefdrew1,364,1,82,snow alaska dogsledding missiontrip eskimo ambler mushers dogsled inupiaq iñupiaq ambleralaska kobuk440 nativeamericaneskimo,,,67.087892,-157.857871,15,0,jxUNubRTUb9dTOaK,2354186,1,0,0,0,
53,8663133476,36448918@N05,39bea091ff,8256,9,410,1,0,0,1366377259,chefdrew1,364,1,68,snow alaska dogsledding missiontrip eskimo ambler mushers dogsled inupiaq iñupiaq ambleralaska kobuk440 nativeamericaneskimo,,,67.087892,-157.857871,15,0,jxUNubRTUb9dTOaK,2354186,1,0,0,0,
54,8663132794,36448918@N05,2af2e1814e,8248,9,411,1,0,0,1366377260,chefdrew1,364,1,91,snow alaska dogsledding missiontrip eskimo ambler mushers dogsled inupiaq iñupiaq ambleralaska kobuk440 nativeamericaneskimo,,,67.087892,-157.857871,15,0,jxUNubRTUb9dTOaK,2354186,1,0,0,0,
55,8663132362,36448918@N05,e6d94fc0ed,8261,9,412,1,0,0,1366377261,chefdrew1,364,1,72,snow alaska dogsledding missiontrip eskimo ambler mushers dogsled inupiaq iñupiaq ambleralaska kobuk440 nativeamericaneskimo,,,67.087892,-157.857871,15,0,jxUNubRTUb9dTOaK,2354186,1,0,0,0,
56,8663131808,36448918@N05,bb0e89e648,8263,9,413,1,0,0,1366377262,chefdrew1,364,1,107,snow alaska dogsledding missiontrip eskimo ambler mushers dogsled inupiaq iñupiaq ambleralaska kobuk440 nativeamericaneskimo,,,67.087892,-157.857871,15,0,jxUNubRTUb9dTOaK,2354186,1,0,0,0,
57,8662034623,36448918@N05,c5ae8aa97c,8240,9,414,1,0,0,1366377263,chefdrew1,364,1,82,snow alaska dogsledding missiontrip eskimo ambler mushers dogsled inupiaq iñupiaq ambleralaska kobuk440 nativeamericaneskimo,,,67.087892,-157.857871,15,0,jxUNubRTUb9dTOaK,2354186,1,0,0,0,
58,8662034051,36448918@N05,cae0932cd3,8256,9,415,1,0,0,1366377264,chefdrew1,364,1,91,snow alaska dogsledding missiontrip eskimo ambler mushers dogsled inupiaq iñupiaq ambleralaska kobuk440 nativeamericaneskimo,,,67.087892,-157.857871,15,0,jxUNubRTUb9dTOaK,2354186,1,0,0,0,
59,8663130698,36448918@N05,d6fa7dc045,8261,9,416,1,0,0,1366377264,chefdrew1,364,1,80,snow alaska dogsledding missiontrip eskimo ambler mushers dogsled inupiaq iñupiaq ambleralaska kobuk440 nativeamericaneskimo,,,67.087892,-157.857871,15,0,jxUNubRTUb9dTOaK,2354186,1,0,0,0,
60,8662033167,36448918@N05,9602a4cf3b,8252,9,417,1,0,0,1366377265,chefdrew1,364,1,67,snow alaska dogsledding missiontrip eskimo ambler mushers dogsled inupiaq iñupiaq ambleralaska kobuk440 nativeamericaneskimo,,,67.087892,-157.857871,15,0,jxUNubRTUb9dTOaK,2354186,1,0,0,0,
61,8662032643,36448918@N05,44a9d21b7c,8247,9,418,1,0,0,1366377266,chefdrew1,364,1,76,snow alaska dogsledding missiontrip eskimo ambler mushers dogsled inupiaq iñupiaq ambleralaska kobuk440 nativeamericaneskimo,,,67.087892,-157.857871,15,0,jxUNubRTUb9dTOaK,2354186,1,0,0,0,
62,8662032061,36448918@N05,4ed598d6f2,8261,9,419,1,0,0,1366377267,chefdrew1,364,1,70,snow alaska dogsledding missiontrip eskimo ambler mushers dogsled inupiaq iñupiaq ambleralaska kobuk440 nativeamericaneskimo,,,67.087892,-157.857871,15,0,jxUNubRTUb9dTOaK,2354186,1,0,0,0,
63,8662031333,36448918@N05,63132b4649,8251,9,420,1,0,0,1366377268,chefdrew1,364,1,77,snow alaska dogsledding missiontrip eskimo ambler mushers dogsled inupiaq iñupiaq ambleralaska kobuk440 nativeamericaneskimo,,,67.087892,-157.857871,15,0,jxUNubRTUb9dTOaK,2354186,1,0,0,0,
64,8662030719,36448918@N05,f99d4de4db,8266,9,421,1,0,0,1366377269,chefdrew1,364,1,69,snow alaska dogsledding missiontrip eskimo ambler mushers dogsled inupiaq iñupiaq ambleralaska kobuk440 nativeamericaneskimo,,,67.087892,-157.857871,15,0,jxUNubRTUb9dTOaK,2354186,1,0,0,0,
65,8662030231,36448918@N05,9bf76b0917,8249,9,422,1,0,0,1366377270,chefdrew1,364,1,79,snow alaska dogsledding missiontrip eskimo ambler mushers dogsled inupiaq iñupiaq ambleralaska kobuk440 nativeamericaneskimo,,,67.087892,-157.857871,15,0,jxUNubRTUb9dTOaK,2354186,1,0,0,0,
66,8663126504,36448918@N05,9f8f1f01db,8240,9,423,1,0,0,1366377270,chefdrew1,364,1,76,snow alaska dogsledding missiontrip eskimo ambler mushers dogsled inupiaq iñupiaq ambleralaska kobuk440 nativeamericaneskimo,,,67.087892,-157.857871,15,0,jxUNubRTUb9dTOaK,2354186,1,0,0,0,
67,8662029049,36448918@N05,dedf38cd45,8259,9,424,1,0,0,1366377271,chefdrew1,364,1,76,snow alaska dogsledding missiontrip eskimo ambler mushers dogsled inupiaq iñupiaq ambleralaska kobuk440 nativeamericaneskimo,,,67.087892,-157.857871,15,0,jxUNubRTUb9dTOaK,2354186,1,0,0,0,
68,8663125552,36448918@N05,24deef5efc,8258,9,425,1,0,0,1366377271,chefdrew1,364,1,87,snow alaska dogsledding missiontrip eskimo ambler mushers dogsled inupiaq iñupiaq ambleralaska kobuk440 nativeamericaneskimo,,,67.087892,-157.857871,15,0,jxUNubRTUb9dTOaK,2354186,1,0,0,0,
69,8662028181,36448918@N05,2365d5f2bb,8255,9,426,1,0,0,1366377272,chefdrew1,364,1,93,snow alaska dogsledding missiontrip eskimo ambler mushers dogsled inupiaq iñupiaq ambleralaska kobuk440 nativeamericaneskimo,,,67.087892,-157.857871,15,0,jxUNubRTUb9dTOaK,2354186,1,0,0,0,
70,8663124428,36448918@N05,4d35caaa1a,8264,9,427,1,0,0,1366377272,chefdrew1,364,1,57,snow alaska dogsledding missiontrip eskimo ambler mushers dogsled inupiaq iñupiaq ambleralaska kobuk440 nativeamericaneskimo,,,67.087892,-157.857871,15,0,jxUNubRTUb9dTOaK,2354186,1,0,0,0,
71,8662027073,36448918@N05,3112fcb2f2,8261,9,428,1,0,0,1366377273,chefdrew1,364,1,69,snow alaska dogsledding missiontrip eskimo ambler mushers dogsled inupiaq iñupiaq ambleralaska kobuk440 nativeamericaneskimo,,,67.087892,-157.857871,15,0,jxUNubRTUb9dTOaK,2354186,1,0,0,0,
72,8663123312,36448918@N05,50c400074b,8245,9,429,1,0,0,1366377273,chefdrew1,364,1,79,snow alaska dogsledding missiontrip eskimo ambler mushers dogsled inupiaq iñupiaq ambleralaska kobuk440 nativeamericaneskimo,,,67.087892,-157.857871,15,0,jxUNubRTUb9dTOaK,2354186,1,0,0,0,
73,8662026141,36448918@N05,4c7de5b9a8,8253,9,430,1,0,0,1366377274,chefdrew1,364,1,77,snow alaska dogsledding missiontrip eskimo ambler mushers dogsled inupiaq iñupiaq ambleralaska kobuk440 nativeamericaneskimo,,,67.087892,-157.857871,15,0,jxUNubRTUb9dTOaK,2354186,1,0,0,0,
74,8662025699,36448918@N05,053632f867,8265,9,431,1,0,0,1366377275,chefdrew1,364,1,67,snow alaska dogsledding missiontrip eskimo ambler mushers dogsled inupiaq iñupiaq ambleralaska kobuk440 nativeamericaneskimo,,,67.087892,-157.857871,15,0,jxUNubRTUb9dTOaK,2354186,1,0,0,0,
75,8663121906,36448918@N05,bbf406f3a5,8250,9,432,1,0,0,1366377275,chefdrew1,364,1,91,snow alaska dogsledding missiontrip eskimo ambler mushers dogsled inupiaq iñupiaq ambleralaska kobuk440 nativeamericaneskimo,,,67.087892,-157.857871,15,0,jxUNubRTUb9dTOaK,2354186,1,0,0,0,
76,8663121452,36448918@N05,5d062db6fd,8255,9,433,1,0,0,1366377276,chefdrew1,364,1,71,snow alaska dogsledding missiontrip eskimo ambler mushers dogsled inupiaq iñupiaq ambleralaska kobuk440 nativeamericaneskimo,,,67.087892,-157.857871,15,0,jxUNubRTUb9dTOaK,2354186,1,0,0,0,
77,8662024439,36448918@N05,90e7b07a5b,8264,9,434,1,0,0,1366377277,chefdrew1,364,1,54,snow alaska dogsledding missiontrip eskimo ambler mushers dogsled inupiaq iñupiaq ambleralaska kobuk440 nativeamericaneskimo,,,67.087892,-157.857871,15,0,jxUNubRTUb9dTOaK,2354186,1,0,0,0,
78,8662023847,36448918@N05,fa1a6c447a,8245,9,435,1,0,0,1366377278,chefdrew1,364,1,116,snow alaska dogsledding missiontrip eskimo ambler mushers dogsled inupiaq iñupiaq ambleralaska kobuk440 nativeamericaneskimo,,,67.087892,-157.857871,15,0,jxUNubRTUb9dTOaK,2354186,1,0,0,0,
79,8663120160,36448918@N05,9d7726b565,8260,9,436,1,0,0,1366377278,chefdrew1,364,1,67,snow alaska dogsledding missiontrip eskimo ambler mushers dogsled inupiaq iñupiaq ambleralaska kobuk440 nativeamericaneskimo,,,67.087892,-157.857871,15,0,jxUNubRTUb9dTOaK,2354186,1,0,0,0,
80,8662022865,36448918@N05,caa32bd6ee,8264,9,437,1,0,0,1366377279,chefdrew1,364,1,47,snow alaska dogsledding missiontrip eskimo ambler mushers dogsled inupiaq iñupiaq ambleralaska kobuk440 nativeamericaneskimo,,,67.087892,-157.857871,15,0,jxUNubRTUb9dTOaK,2354186,1,0,0,0,
81,8662022389,36448918@N05,e4d59a455b,8266,9,438,1,0,0,1366377280,chefdrew1,364,1,72,snow alaska dogsledding missiontrip eskimo ambler mushers dogsled inupiaq iñupiaq ambleralaska kobuk440 nativeamericaneskimo,,,67.087892,-157.857871,15,0,jxUNubRTUb9dTOaK,2354186,1,0,0,0,
82,8662021913,36448918@N05,d48285c181,8247,9,439,1,0,0,1366377281,chefdrew1,364,1,63,snow alaska dogsledding missiontrip eskimo ambler mushers dogsled inupiaq iñupiaq ambleralaska kobuk440 nativeamericaneskimo,,,67.087892,-157.857871,15,0,jxUNubRTUb9dTOaK,2354186,1,0,0,0,
83,8663118136,36448918@N05,00e08459aa,8251,9,440,1,0,0,1366377281,chefdrew1,364,1,72,snow alaska dogsledding missiontrip eskimo ambler mushers dogsled inupiaq iñupiaq ambleralaska kobuk440 nativeamericaneskimo,,,67.087892,-157.857871,15,0,jxUNubRTUb9dTOaK,2354186,1,0,0,0,
84,8663117568,36448918@N05,72501b1d9f,8264,9,441,1,0,0,1366377282,chefdrew1,364,1,75,snow alaska dogsledding missiontrip eskimo ambler mushers dogsled inupiaq iñupiaq ambleralaska kobuk440 nativeamericaneskimo,,,67.087892,-157.857871,15,0,jxUNubRTUb9dTOaK,2354186,1,0,0,0,
85,8663117066,36448918@N05,1bc62d61c5,8254,9,442,1,0,0,1366377283,chefdrew1,364,1,83,snow alaska dogsledding missiontrip eskimo ambler mushers dogsled inupiaq iñupiaq ambleralaska kobuk440 nativeamericaneskimo,,,67.087892,-157.857871,15,0,jxUNubRTUb9dTOaK,2354186,1,0,0,0,
86,8663116386,36448918@N05,d866e453b3,8240,9,443,1,0,0,1366377284,chefdrew1,364,1,83,snow alaska dogsledding missiontrip eskimo ambler mushers dogsled inupiaq iñupiaq ambleralaska kobuk440 nativeamericaneskimo,,,67.087892,-157.857871,15,0,jxUNubRTUb9dTOaK,2354186,1,0,0,0,
87,8663115680,36448918@N05,77540ab748,8244,9,444,1,0,0,1366377285,chefdrew1,364,1,84,snow alaska dogsledding missiontrip eskimo ambler mushers dogsled inupiaq iñupiaq ambleralaska kobuk440 nativeamericaneskimo,,,67.087892,-157.857871,15,0,jxUNubRTUb9dTOaK,2354186,1,0,0,0,
88,8663115186,36448918@N05,b7b08d8deb,8252,9,445,1,0,0,1366377286,chefdrew1,364,1,64,snow alaska dogsledding missiontrip eskimo ambler mushers dogsled inupiaq iñupiaq ambleralaska kobuk440 nativeamericaneskimo,,,67.087892,-157.857871,15,0,jxUNubRTUb9dTOaK,2354186,1,0,0,0,
89,8662017883,36448918@N05,a173ef2526,8247,9,446,1,0,0,1366377287,chefdrew1,364,1,81,snow alaska dogsledding missiontrip eskimo ambler mushers dogsled inupiaq iñupiaq ambleralaska kobuk440 nativeamericaneskimo,,,67.087892,-157.857871,15,0,jxUNubRTUb9dTOaK,2354186,1,0,0,0,
90,8663114246,36448918@N05,c7afd7e12f,8245,9,447,1,0,0,1366377287,chefdrew1,364,1,92,snow alaska dogsledding missiontrip eskimo ambler mushers dogsled inupiaq iñupiaq ambleralaska kobuk440 nativeamericaneskimo,,,67.087892,-157.857871,15,0,jxUNubRTUb9dTOaK,2354186,1,0,0,0,
91,8662016839,36448918@N05,7f5371d358,8262,9,448,1,0,0,1366377288,chefdrew1,364,1,69,snow alaska dogsledding missiontrip eskimo ambler mushers dogsled inupiaq iñupiaq ambleralaska kobuk440 nativeamericaneskimo,,,67.087892,-157.857871,15,0,jxUNubRTUb9dTOaK,2354186,1,0,0,0,
92,8663113234,36448918@N05,b98f45bfb9,8257,9,449,1,0,0,1366377288,chefdrew1,364,1,46,snow missiontrip,,,67.087892,-157.857871,15,0,jxUNubRTUb9dTOaK,2354186,1,0,0,0,
93,8662015749,36448918@N05,87a5f7f6dc,8259,9,450,1,0,0,1366377289,chefdrew1,364,1,44,snow missiontrip,,,67.087892,-157.857871,15,0,jxUNubRTUb9dTOaK,2354186,1,0,0,0,
94,8663112094,36448918@N05,18a892092b,8245,9,451,1,0,0,1366377289,chefdrew1,364,1,50,snow missiontrip,,,67.087892,-157.857871,15,0,jxUNubRTUb9dTOaK,2354186,1,0,0,0,
95,8663111462,36448918@N05,ace91baef6,8260,9,452,1,0,0,1366377290,chefdrew1,364,1,40,snow missiontrip,,,67.087892,-157.857871,15,0,jxUNubRTUb9dTOaK,2354186,1,0,0,0,
96,8662014053,36448918@N05,b71b6a494f,8250,9,453,1,0,0,1366377291,chefdrew1,364,1,45,snow missiontrip,,,67.087892,-157.857871,15,0,jxUNubRTUb9dTOaK,2354186,1,0,0,0,
97,8662013573,36448918@N05,720e7ac521,8250,9,454,1,0,0,1366377292,chefdrew1,364,1,34,snow missiontrip,,,67.087892,-157.857871,15,0,jxUNubRTUb9dTOaK,2354186,1,0,0,0,
98,8662012919,36448918@N05,13f7b39bb8,8253,9,455,1,0,0,1366377293,chefdrew1,364,1,36,snow missiontrip,,,67.087892,-157.857871,15,0,jxUNubRTUb9dTOaK,2354186,1,0,0,0,
99,8662012503,36448918@N05,cf8df72716,8266,9,456,1,0,0,1366377294,chefdrew1,364,1,45,snow missiontrip,,,67.087892,-157.857871,15,0,jxUNubRTUb9dTOaK,2354186,1,0,0,0,
100,8662011969,36448918@N05,26dd53867a,8251,9,457,1,0,0,1366377295,chefdrew1,364,1,42,snow missiontrip,,,67.087892,-157.857871,15,0,jxUNubRTUb9dTOaK,2354186,1,0,0,0,
101,8663108234,36448918@N05,b9c1215457,8254,9,458,1,0,0,1366377295,chefdrew1,364,1,37,snow missiontrip,,,67.087892,-157.857871,15,0,jxUNubRTUb9dTOaK,2354186,1,0,0,0,
102,8662010771,36448918@N05,504829897b,8266,9,459,1,0,0,1366377296,chefdrew1,364,1,43,snow missiontrip,,,67.087892,-157.857871,15,0,jxUNubRTUb9dTOaK,2354186,1,0,0,0,
103,8662010285,36448918@N05,d59177d75d,8250,9,460,1,0,0,1366377297,chefdrew1,364,1,31,snow missiontrip,,,67.087892,-157.857871,15,0,jxUNubRTUb9dTOaK,2354186,1,0,0,0,
104,8662009633,36448918@N05,0e8e528cb0,8251,9,461,1,0,0,1366377298,chefdrew1,364,1,42,snow missiontrip,,,67.087892,-157.857871,15,0,jxUNubRTUb9dTOaK,2354186,1,0,0,0,
105,8663105728,36448918@N05,63e451280d,8266,9,462,1,0,0,1366377298,chefdrew1,364,1,44,snow missiontrip,,,67.087892,-157.857871,15,0,jxUNubRTUb9dTOaK,2354186,1,0,0,0,
106,8663105080,36448918@N05,d104b8b2aa,8253,9,463,1,0,0,1366377299,chefdrew1,364,1,29,snow missiontrip,,,67.087892,-157.857871,15,0,jxUNubRTUb9dTOaK,2354186,1,0,0,0,
107,8662007609,36448918@N05,d8d87272b9,8253,9,464,1,0,0,1366377300,chefdrew1,364,1,50,snow missiontrip,,,67.087892,-157.857871,15,0,jxUNubRTUb9dTOaK,2354186,1,0,0,0,
108,8663103962,36448918@N05,bcd6484b07,8245,9,465,1,0,0,1366377300,chefdrew1,364,1,48,snow missiontrip,,,67.087892,-157.857871,15,0,jxUNubRTUb9dTOaK,2354186,1,0,0,0,
109,8662006515,36448918@N05,8730e408af,8254,9,466,1,0,0,1366377301,chefdrew1,364,1,32,snow missiontrip,,,67.087892,-157.857871,15,0,jxUNubRTUb9dTOaK,2354186,1,0,0,0,
110,8662005703,36448918@N05,a3ed4bcfd6,8253,9,467,1,0,0,1366377302,chefdrew1,364,1,46,snow missiontrip,,,67.087892,-157.857871,15,0,jxUNubRTUb9dTOaK,2354186,1,0,0,0,
111,8663102150,36448918@N05,cc64d0c2ac,8265,9,468,1,0,0,1366377302,chefdrew1,364,1,34,snow missiontrip,,,67.087892,-157.857871,15,0,jxUNubRTUb9dTOaK,2354186,1,0,0,0,
112,8662004739,36448918@N05,fee565de25,8260,9,469,1,0,0,1366377303,chefdrew1,364,1,46,snow missiontrip,,,67.087892,-157.857871,15,0,jxUNubRTUb9dTOaK,2354186,1,0,0,0,
113,8662004175,36448918@N05,72323469bd,8247,9,470,1,0,0,1366377304,chefdrew1,364,1,28,snow missiontrip,,,67.087892,-157.857871,15,0,jxUNubRTUb9dTOaK,2354186,1,0,0,0,
114,8662003725,36448918@N05,7cd5d4b168,8261,9,471,1,0,0,1366377305,chefdrew1,364,1,33,snow missiontrip,,,67.087892,-157.857871,15,0,jxUNubRTUb9dTOaK,2354186,1,0,0,0,
115,8662002933,36448918@N05,f170d63b1f,8258,9,472,1,0,0,1366377306,chefdrew1,364,1,32,snow missiontrip,,,67.087892,-157.857871,15,0,jxUNubRTUb9dTOaK,2354186,1,0,0,0,
116,8663099336,36448918@N05,133b4497e3,8253,9,473,1,0,0,1366377306,chefdrew1,364,1,55,snow missiontrip,,,67.087892,-157.857871,15,0,jxUNubRTUb9dTOaK,2354186,1,0,0,0,
117,8663098752,36448918@N05,af458e408c,8262,9,475,1,0,0,1366377307,chefdrew1,364,1,44,snow missiontrip,,,67.087892,-157.857871,15,0,jxUNubRTUb9dTOaK,2354186,1,0,0,0,
118,8662001259,36448918@N05,51bd2aeded,8250,9,476,1,0,0,1366377308,chefdrew1,364,1,32,snow missiontrip,,,67.087892,-157.857871,15,0,jxUNubRTUb9dTOaK,2354186,1,0,0,0,
119,8663097850,36448918@N05,04f7f71a57,8255,9,477,1,0,0,1366377308,chefdrew1,364,1,46,snow missiontrip,,,67.087892,-157.857871,15,0,jxUNubRTUb9dTOaK,2354186,1,0,0,0,
120,8663097380,36448918@N05,e4364c2e94,8262,9,478,1,0,0,1366377309,chefdrew1,364,1,36,snow missiontrip,,,67.087892,-157.857871,15,0,jxUNubRTUb9dTOaK,2354186,1,0,0,0,
121,8661999853,36448918@N05,e1bce90de3,8249,9,479,1,0,0,1366377310,chefdrew1,364,1,35,snow missiontrip,,,67.087892,-157.857871,15,0,jxUNubRTUb9dTOaK,2354186,1,0,0,0,
122,8663096210,36448918@N05,93a1644864,8256,9,480,1,0,0,1366377310,chefdrew1,364,1,32,snow missiontrip,,,67.087892,-157.857871,15,0,jxUNubRTUb9dTOaK,2354186,1,0,0,0,
123,8663095666,36448918@N05,a9885837d5,8258,9,481,1,0,0,1366377311,chefdrew1,364,1,44,snow missiontrip,,,67.087892,-157.857871,15,0,jxUNubRTUb9dTOaK,2354186,1,0,0,0,
124,8663095064,36448918@N05,14a9fdc882,8264,9,482,1,0,0,1366377312,chefdrew1,364,1,40,snow missiontrip,,,67.087892,-157.857871,15,0,jxUNubRTUb9dTOaK,2354186,1,0,0,0,
125,8663094442,36448918@N05,c5251db228,8260,9,483,1,0,0,1366377313,chefdrew1,364,1,31,snow missiontrip,,,67.087892,-157.857871,15,0,jxUNubRTUb9dTOaK,2354186,1,0,0,0,
126,8663093870,36448918@N05,14b162e432,8259,9,318.1,1,0,0,1366377314,chefdrew1,364,1,35,snow missiontrip,,,67.087892,-157.857871,15,0,jxUNubRTUb9dTOaK,2354186,1,0,0,0,
127,8663093354,36448918@N05,9d1e2c957b,8261,9,484,1,0,0,1366377315,chefdrew1,364,1,75,snow missiontrip,,,67.087892,-157.857871,15,0,jxUNubRTUb9dTOaK,2354186,1,0,0,0,
128,8663092896,36448918@N05,bca61f8225,8260,9,485,1,0,0,1366377316,chefdrew1,364,1,34,snow missiontrip,,,67.087892,-157.857871,15,0,jxUNubRTUb9dTOaK,2354186,1,0,0,0,
129,8663092368,36448918@N05,c2dd5a378c,8244,9,486,1,0,0,1366377317,chefdrew1,364,1,35,snow missiontrip,,,67.087892,-157.857871,15,0,jxUNubRTUb9dTOaK,2354186,1,0,0,0,
130,8663091724,36448918@N05,5649e54e6e,8251,9,487,1,0,0,1366377318,chefdrew1,364,1,46,snow missiontrip,,,67.087892,-157.857871,15,0,jxUNubRTUb9dTOaK,2354186,1,0,0,0,
131,8661993977,36448918@N05,80806b5586,8255,9,488,1,0,0,1366377319,chefdrew1,364,1,39,snow missiontrip,,,67.087892,-157.857871,15,0,jxUNubRTUb9dTOaK,2354186,1,0,0,0,
132,8661993203,36448918@N05,2214beb2cb,8242,9,489,1,0,0,1366377320,chefdrew1,364,1,45,snow missiontrip,,,67.087892,-157.857871,15,0,jxUNubRTUb9dTOaK,2354186,1,0,0,0,
133,8661992539,36448918@N05,837e8e5b9c,8245,9,490,1,0,0,1366377321,chefdrew1,364,1,49,snow missiontrip,,,67.087892,-157.857871,15,0,jxUNubRTUb9dTOaK,2354186,1,0,0,0,
134,8661991483,36448918@N05,b41fbf95a6,8245,9,491,1,0,0,1366377322,chefdrew1,364,1,46,snow missiontrip,,,67.087892,-157.857871,15,0,jxUNubRTUb9dTOaK,2354186,1,0,0,0,
135,8663087972,36448918@N05,454e8c3958,8239,9,492,1,0,0,1366377322,chefdrew1,364,1,39,snow missiontrip,,,67.087892,-157.857871,15,0,jxUNubRTUb9dTOaK,2354186,1,0,0,0,
136,8663087308,36448918@N05,22b1a694dd,8246,9,493,1,0,0,1366377323,chefdrew1,364,1,41,snow missiontrip,,,67.087892,-157.857871,15,0,jxUNubRTUb9dTOaK,2354186,1,0,0,0,
137,8661989567,36448918@N05,5d4d2c4d38,8249,9,494,1,0,0,1366377324,chefdrew1,364,1,60,snow missiontrip,,,67.087892,-157.857871,15,0,jxUNubRTUb9dTOaK,2354186,1,0,0,0,
138,8663086138,36448918@N05,f77f35e04e,8243,9,495,1,0,0,1366377324,chefdrew1,364,1,56,snow missiontrip,,,67.087892,-157.857871,15,0,jxUNubRTUb9dTOaK,2354186,1,0,0,0,
139,8663085584,36448918@N05,2baa66e1fb,8260,9,496,1,0,0,1366377325,chefdrew1,364,1,37,snow missiontrip,,,67.087892,-157.857871,15,0,jxUNubRTUb9dTOaK,2354186,1,0,0,0,
140,8663085068,36448918@N05,78457b9388,8264,9,497,1,0,0,1366377326,chefdrew1,364,1,46,snow missiontrip,,,67.087892,-157.857871,15,0,jxUNubRTUb9dTOaK,2354186,1,0,0,0,
141,8661987595,36448918@N05,f4ba12c975,8255,9,498,1,0,0,1366377327,chefdrew1,364,1,41,snow missiontrip,,,67.087892,-157.857871,15,0,jxUNubRTUb9dTOaK,2354186,1,0,0,0,
142,8663083988,36448918@N05,e9824eeabc,8258,9,499,1,0,0,1366377327,chefdrew1,364,1,34,snow missiontrip,,,67.087892,-157.857871,15,0,jxUNubRTUb9dTOaK,2354186,1,0,0,0,
143,8663083472,36448918@N05,d0dceca210,8254,9,500,1,0,0,1366377328,chefdrew1,364,1,31,snow missiontrip,,,67.087892,-157.857871,15,0,jxUNubRTUb9dTOaK,2354186,1,0,0,0,
144,8663082698,36448918@N05,79a8cc4dfd,8246,9,501,1,0,0,1366377329,chefdrew1,364,1,44,snow missiontrip,,,67.087892,-157.857871,15,0,jxUNubRTUb9dTOaK,2354186,1,0,0,0,
145,8663082072,36448918@N05,53b131a06b,8264,9,502,1,0,0,1366377330,chefdrew1,364,1,34,snow missiontrip,,,67.087892,-157.857871,15,0,jxUNubRTUb9dTOaK,2354186,1,0,0,0,
146,8661984445,36448918@N05,7b60615aa9,8254,9,503,1,0,0,1366377331,chefdrew1,364,1,30,snow missiontrip,,,67.087892,-157.857871,15,0,jxUNubRTUb9dTOaK,2354186,1,0,0,0,
147,8661983815,36448918@N05,430d8b5e83,8263,9,504,1,0,0,1366377332,chefdrew1,364,1,30,snow missiontrip,,,67.087892,-157.857871,15,0,jxUNubRTUb9dTOaK,2354186,1,0,0,0,
148,8661983383,36448918@N05,e82aab7b3e,8257,9,505,1,0,0,1366377333,chefdrew1,364,1,56,snow missiontrip,,,67.087892,-157.857871,15,0,jxUNubRTUb9dTOaK,2354186,1,0,0,0,
149,8661982885,36448918@N05,e21a4d32d1,8252,9,506,1,0,0,1366377334,chefdrew1,364,1,37,snow missiontrip,,,67.087892,-157.857871,15,0,jxUNubRTUb9dTOaK,2354186,1,0,0,0,
150,8663079238,36448918@N05,7745aa2571,8260,9,507,1,0,0,1366377334,chefdrew1,364,1,35,snow missiontrip,,,67.087892,-157.857871,15,0,jxUNubRTUb9dTOaK,2354186,1,0,0,0,
151,8661981381,36448918@N05,25590fb62e,8263,9,508,1,0,0,1366377335,chefdrew1,364,1,46,snow missiontrip,,,67.087892,-157.857871,15,0,jxUNubRTUb9dTOaK,2354186,1,0,0,0,
152,8661980633,36448918@N05,d15a990b1c,8239,9,509,1,0,0,1366377336,chefdrew1,364,1,56,snow missiontrip,,,67.087892,-157.857871,15,0,jxUNubRTUb9dTOaK,2354186,1,0,0,0,
153,8661980027,36448918@N05,52a5fedc24,8242,9,510,1,0,0,1366377337,chefdrew1,364,1,32,snow missiontrip,,,67.087892,-157.857871,15,0,jxUNubRTUb9dTOaK,2354186,1,0,0,0,
154,8663076242,36448918@N05,f458326112,8255,9,511,1,0,0,1366377337,chefdrew1,364,1,50,snow missiontrip,,,67.087892,-157.857871,15,0,jxUNubRTUb9dTOaK,2354186,1,0,0,0,
155,8661978427,36448918@N05,ef60f237f9,8256,9,512,1,0,0,1366377338,chefdrew1,364,1,55,snow missiontrip,,,67.087892,-157.857871,15,0,jxUNubRTUb9dTOaK,2354186,1,0,0,0,
156,8663074868,36448918@N05,60e6353a63,8255,9,513,1,0,0,1366377338,chefdrew1,364,1,51,snow missiontrip,,,67.087892,-157.857871,15,0,jxUNubRTUb9dTOaK,2354186,1,0,0,0,
157,8663074030,36448918@N05,1fca9ca3d4,8254,9,514,1,0,0,1366377339,chefdrew1,364,1,59,snow missiontrip,,,67.087892,-157.857871,15,0,jxUNubRTUb9dTOaK,2354186,1,0,0,0,
158,8661976027,36448918@N05,c18b71fdcd,8242,9,515,1,0,0,1366377340,chefdrew1,364,1,59,snow missiontrip,,,67.087892,-157.857871,15,0,jxUNubRTUb9dTOaK,2354186,1,0,0,0,
159,8663064288,36448918@N05,500ee1733e,8252,9,516,1,0,0,1366377340,chefdrew1,364,1,92,snow missiontrip,,,67.087892,-157.857871,15,0,jxUNubRTUb9dTOaK,2354186,1,0,0,0,
160,8661467731,36448918@N05,0d7690c08c,8265,9,201,1,0,0,1366368158,chefdrew1,364,1,64,snow alaska dogsledding missiontrip eskimo ambler mushers dogsled inupiaq iñupiaq ambleralaska kobuk440 nativeamericaneskimo,,,67.087892,-157.857871,15,0,jxUNubRTUb9dTOaK,2354186,1,0,0,0,
161,8662565750,36448918@N05,f8aed6f48a,8264,9,202,1,0,0,1366368158,chefdrew1,364,1,61,snow alaska dogsledding missiontrip eskimo ambler mushers dogsled inupiaq iñupiaq ambleralaska kobuk440 nativeamericaneskimo,,,67.087892,-157.857871,15,0,jxUNubRTUb9dTOaK,2354186,1,0,0,0,
162,8662565560,36448918@N05,377cbc38cd,8244,9,203,1,0,0,1366368159,chefdrew1,364,1,63,snow alaska dogsledding missiontrip eskimo ambler mushers dogsled inupiaq iñupiaq ambleralaska kobuk440 nativeamericaneskimo,,,67.087892,-157.857871,15,0,jxUNubRTUb9dTOaK,2354186,1,0,0,0,
163,8662565048,36448918@N05,fbe5764c22,8239,9,204,1,0,0,1366368160,chefdrew1,364,1,67,snow alaska dogsledding missiontrip eskimo ambler mushers dogsled inupiaq iñupiaq ambleralaska kobuk440 nativeamericaneskimo,,,67.087892,-157.857871,15,0,jxUNubRTUb9dTOaK,2354186,1,0,0,0,
164,8661466223,36448918@N05,23c4564684,8251,9,205,1,0,0,1366368161,chefdrew1,364,1,56,snow alaska dogsledding missiontrip eskimo ambler mushers dogsled inupiaq iñupiaq ambleralaska kobuk440 nativeamericaneskimo,,,67.087892,-157.857871,15,0,jxUNubRTUb9dTOaK,2354186,1,0,0,0,
165,8662564110,36448918@N05,f2ab6c9d4e,8258,9,206,1,0,0,1366368161,chefdrew1,364,1,67,snow alaska dogsledding missiontrip eskimo ambler mushers dogsled inupiaq iñupiaq ambleralaska kobuk440 nativeamericaneskimo,,,67.087892,-157.857871,15,0,jxUNubRTUb9dTOaK,2354186,1,0,0,0,
166,8662563794,36448918@N05,df297ce132,8252,9,207,1,0,0,1366368162,chefdrew1,364,1,64,snow alaska dogsledding missiontrip eskimo ambler mushers dogsled inupiaq iñupiaq ambleralaska kobuk440 nativeamericaneskimo,,,67.087892,-157.857871,15,0,jxUNubRTUb9dTOaK,2354186,1,0,0,0,
167,8661464861,36448918@N05,5a89d05910,8243,9,208,1,0,0,1366368163,chefdrew1,364,1,57,snow alaska dogsledding missiontrip eskimo ambler mushers dogsled inupiaq iñupiaq ambleralaska kobuk440 nativeamericaneskimo,,,67.087892,-157.857871,15,0,jxUNubRTUb9dTOaK,2354186,1,0,0,0,
168,8662562742,36448918@N05,4646ffb291,8250,9,209,1,0,0,1366368163,chefdrew1,364,1,58,snow alaska dogsledding missiontrip eskimo ambler mushers dogsled inupiaq iñupiaq ambleralaska kobuk440 nativeamericaneskimo,,,67.087892,-157.857871,15,0,jxUNubRTUb9dTOaK,2354186,1,0,0,0,
169,8662562262,36448918@N05,8105d96a67,8250,9,210,1,0,0,1366368164,chefdrew1,364,1,94,snow alaska aurora dogsledding missiontrip northernlights eskimo ambler mushers dogsled inupiaq iñupiaq ambleralaska kobuk440 nativeamericaneskimo,,,67.087892,-157.857871,15,0,jxUNubRTUb9dTOaK,2354186,1,0,0,0,
170,8661463335,36448918@N05,d34fec0abb,8261,9,211,1,0,0,1366368165,chefdrew1,364,1,99,snow alaska aurora dogsledding missiontrip northernlights eskimo ambler mushers dogsled inupiaq iñupiaq ambleralaska kobuk440 nativeamericaneskimo,,,67.087892,-157.857871,15,0,jxUNubRTUb9dTOaK,2354186,1,0,0,0,
171,8662561326,36448918@N05,3999b00526,8247,9,212,1,0,0,1366368165,chefdrew1,364,1,127,snow alaska aurora dogsledding missiontrip northernlights eskimo ambler mushers dogsled inupiaq iñupiaq ambleralaska kobuk440 nativeamericaneskimo,,,67.087892,-157.857871,15,0,jxUNubRTUb9dTOaK,2354186,1,0,0,0,
172,8662560814,36448918@N05,cac3671e06,8239,9,213,1,0,0,1366368166,chefdrew1,364,1,169,snow alaska aurora dogsledding missiontrip northernlights eskimo ambler mushers dogsled inupiaq iñupiaq ambleralaska kobuk440 nativeamericaneskimo,,,67.087892,-157.857871,15,0,jxUNubRTUb9dTOaK,2354186,1,0,0,0,
173,8662560528,36448918@N05,bdb1e52bd0,8243,9,214,1,0,0,1366368167,chefdrew1,364,1,101,snow alaska aurora dogsledding missiontrip northernlights eskimo ambler mushers dogsled inupiaq iñupiaq ambleralaska kobuk440 nativeamericaneskimo,,,67.087892,-157.857871,15,0,jxUNubRTUb9dTOaK,2354186,1,0,0,0,
174,8662560244,36448918@N05,59faca284f,8260,9,215,1,0,0,1366368168,chefdrew1,364,1,167,snow alaska aurora dogsledding missiontrip northernlights eskimo ambler mushers dogsled inupiaq iñupiaq ambleralaska kobuk440 nativeamericaneskimo,,,67.087892,-157.857871,15,0,jxUNubRTUb9dTOaK,2354186,1,0,0,0,
175,8661461121,36448918@N05,a82b94eb99,8256,9,216,1,0,0,1366368169,chefdrew1,364,1,174,snow alaska aurora dogsledding missiontrip northernlights eskimo ambler mushers dogsled inupiaq iñupiaq ambleralaska kobuk440 nativeamericaneskimo,,,67.087892,-157.857871,15,0,jxUNubRTUb9dTOaK,2354186,1,0,0,0,
176,8661460693,36448918@N05,677b00f4b1,8263,9,217,1,0,0,1366368170,chefdrew1,364,1,588,snow alaska aurora dogsledding missiontrip northernlights eskimo ambler mushers dogsled inupiaq iñupiaq ambleralaska kobuk440 nativeamericaneskimo,,,67.087892,-157.857871,15,0,jxUNubRTUb9dTOaK,2354186,1,0,0,0,
177,8662558474,36448918@N05,dafbf003f8,8248,9,218,1,0,0,1366368170,chefdrew1,364,1,244,snow alaska aurora dogsledding missiontrip northernlights eskimo ambler mushers dogsled inupiaq iñupiaq ambleralaska kobuk440 nativeamericaneskimo,,,67.087892,-157.857871,15,0,jxUNubRTUb9dTOaK,2354186,1,0,0,0,
178,8661459417,36448918@N05,e0ed8d7e0e,8258,9,219,1,0,0,1366368171,chefdrew1,364,1,85,snow alaska dogsledding missiontrip eskimo ambler mushers dogsled inupiaq iñupiaq ambleralaska kobuk440 nativeamericaneskimo,,,67.087892,-157.857871,15,0,jxUNubRTUb9dTOaK,2354186,1,0,0,0,
179,8662557282,36448918@N05,339febf2d8,8245,9,220,1,0,0,1366368171,chefdrew1,364,1,104,snow alaska dogsledding missiontrip eskimo ambler mushers dogsled inupiaq iñupiaq ambleralaska kobuk440 nativeamericaneskimo,,,67.087892,-157.857871,15,0,jxUNubRTUb9dTOaK,2354186,1,0,0,0,
180,8662556536,36448918@N05,ec66968724,8264,9,221,1,0,0,1366368172,chefdrew1,364,1,92,snow alaska dogsledding missiontrip eskimo ambler mushers dogsled inupiaq iñupiaq ambleralaska kobuk440 nativeamericaneskimo,,,67.087892,-157.857871,15,0,jxUNubRTUb9dTOaK,2354186,1,0,0,0,
181,8662555792,36448918@N05,81867c4fc7,8241,9,222,1,0,0,1366368173,chefdrew1,364,1,162,snow alaska dogsledding missiontrip eskimo ambler mushers dogsled inupiaq iñupiaq ambleralaska kobuk440 nativeamericaneskimo,,,67.087892,-157.857871,15,0,jxUNubRTUb9dTOaK,2354186,1,0,0,0,
182,8662555162,36448918@N05,64fd0436c6,8257,9,223,1,0,0,1366368174,chefdrew1,364,1,70,snow alaska dogsledding missiontrip eskimo ambler mushers dogsled inupiaq iñupiaq ambleralaska kobuk440 nativeamericaneskimo,,,67.087892,-157.857871,15,0,jxUNubRTUb9dTOaK,2354186,1,0,0,0,
183,8661456273,36448918@N05,b29f44ae6e,8256,9,234,1,0,0,1366368175,chefdrew1,364,1,88,snow alaska dogsledding missiontrip eskimo ambler mushers dogsled inupiaq iñupiaq ambleralaska kobuk440 nativeamericaneskimo,,,67.087892,-157.857871,15,0,jxUNubRTUb9dTOaK,2354186,1,0,0,0,
184,8662553814,36448918@N05,e064079709,8250,9,235,1,0,0,1366368175,chefdrew1,364,1,59,snow alaska dogsledding missiontrip eskimo ambler mushers dogsled inupiaq iñupiaq ambleralaska kobuk440 nativeamericaneskimo,,,67.087892,-157.857871,15,0,jxUNubRTUb9dTOaK,2354186,1,0,0,0,
185,8662553718,36448918@N05,2a4f7e814a,8250,9,236,1,0,0,1366368176,chefdrew1,364,1,71,snow alaska dogsledding missiontrip eskimo ambler mushers dogsled inupiaq iñupiaq ambleralaska kobuk440 nativeamericaneskimo,,,67.087892,-157.857871,15,0,jxUNubRTUb9dTOaK,2354186,1,0,0,0,
186,8662552934,36448918@N05,a8c8e6fae6,8247,9,237,1,0,0,1366368177,chefdrew1,364,1,56,snow alaska dogsledding missiontrip eskimo ambler mushers dogsled inupiaq iñupiaq ambleralaska kobuk440 nativeamericaneskimo,,,67.087892,-157.857871,15,0,jxUNubRTUb9dTOaK,2354186,1,0,0,0,
187,8661454077,36448918@N05,e90620e1bb,8254,9,238,1,0,0,1366368178,chefdrew1,364,1,58,snow alaska dogsledding missiontrip eskimo ambler mushers dogsled inupiaq iñupiaq ambleralaska kobuk440 nativeamericaneskimo,,,67.087892,-157.857871,15,0,jxUNubRTUb9dTOaK,2354186,1,0,0,0,
188,8662551954,36448918@N05,e6121cb4dd,8239,9,239,1,0,0,1366368178,chefdrew1,364,1,56,snow alaska dogsledding missiontrip eskimo ambler mushers dogsled inupiaq iñupiaq ambleralaska kobuk440 nativeamericaneskimo,,,67.087892,-157.857871,15,0,jxUNubRTUb9dTOaK,2354186,1,0,0,0,
189,8662551404,36448918@N05,85d45eee17,8259,9,240,1,0,0,1366368179,chefdrew1,364,1,62,snow alaska dogsledding missiontrip eskimo ambler mushers dogsled inupiaq iñupiaq ambleralaska kobuk440 nativeamericaneskimo,,,67.087892,-157.857871,15,0,jxUNubRTUb9dTOaK,2354186,1,0,0,0,
190,8661452545,36448918@N05,080d33e937,8249,9,241,1,0,0,1366368180,chefdrew1,364,1,74,snow alaska dogsledding missiontrip eskimo ambler mushers dogsled inupiaq iñupiaq ambleralaska kobuk440 nativeamericaneskimo,,,67.087892,-157.857871,15,0,jxUNubRTUb9dTOaK,2354186,1,0,0,0,
191,8661452333,36448918@N05,95d09665db,8265,9,242,1,0,0,1366368181,chefdrew1,364,1,50,snow alaska dogsledding missiontrip eskimo ambler mushers dogsled inupiaq iñupiaq ambleralaska kobuk440 nativeamericaneskimo,,,67.087892,-157.857871,15,0,jxUNubRTUb9dTOaK,2354186,1,0,0,0,
192,8662550396,36448918@N05,b9bd63f279,8247,9,243,1,0,0,1366368181,chefdrew1,364,1,82,snow alaska dogsledding missiontrip eskimo ambler mushers dogsled inupiaq iñupiaq ambleralaska kobuk440 nativeamericaneskimo,,,67.087892,-157.857871,15,0,jxUNubRTUb9dTOaK,2354186,1,0,0,0,
193,8662549952,36448918@N05,f7e933b3c8,8260,9,244,1,0,0,1366368182,chefdrew1,364,1,93,snow alaska dogsledding missiontrip eskimo ambler mushers dogsled inupiaq iñupiaq ambleralaska kobuk440 nativeamericaneskimo,,,67.087892,-157.857871,15,0,jxUNubRTUb9dTOaK,2354186,1,0,0,0,
194,8662549414,36448918@N05,6853408896,8246,9,245,1,0,0,1366368183,chefdrew1,364,1,50,snow alaska dogsledding missiontrip eskimo ambler mushers dogsled inupiaq iñupiaq ambleralaska kobuk440 nativeamericaneskimo,,,67.087892,-157.857871,15,0,jxUNubRTUb9dTOaK,2354186,1,0,0,0,
195,8662549052,36448918@N05,122476b2fe,8246,9,246,1,0,0,1366368184,chefdrew1,364,1,56,snow alaska dogsledding missiontrip eskimo ambler mushers dogsled inupiaq iñupiaq ambleralaska kobuk440 nativeamericaneskimo,,,67.087892,-157.857871,15,0,jxUNubRTUb9dTOaK,2354186,1,0,0,0,
196,8661449373,36448918@N05,a9f14f1515,8264,9,248,1,0,0,1366368186,chefdrew1,364,1,69,snow alaska dogsledding missiontrip eskimo ambler mushers dogsled inupiaq iñupiaq ambleralaska kobuk440 nativeamericaneskimo,,,67.087892,-157.857871,15,0,jxUNubRTUb9dTOaK,2354186,1,0,0,0,
197,8662547518,36448918@N05,c31f59cb84,8239,9,249,1,0,0,1366368186,chefdrew1,364,1,68,snow alaska dogsledding missiontrip eskimo ambler mushers dogsled inupiaq iñupiaq ambleralaska kobuk440 nativeamericaneskimo,,,67.087892,-157.857871,15,0,jxUNubRTUb9dTOaK,2354186,1,0,0,0,
198,8661447805,36448918@N05,02297a9918,8265,9,252,1,0,0,1366368189,chefdrew1,364,1,72,snow alaska dogsledding missiontrip eskimo ambler mushers dogsled inupiaq iñupiaq ambleralaska kobuk440 nativeamericaneskimo,,,67.087892,-157.857871,15,0,jxUNubRTUb9dTOaK,2354186,1,0,0,0,
199,8661447205,36448918@N05,506ed80a94,8265,9,253,1,0,0,1366368190,chefdrew1,364,1,52,snow alaska dogsledding missiontrip eskimo ambler mushers dogsled inupiaq iñupiaq ambleralaska kobuk440 nativeamericaneskimo,,,67.087892,-157.857871,15,0,jxUNubRTUb9dTOaK,2354186,1,0,0,0,
200,8661446709,36448918@N05,55700c34a6,8256,9,254,1,0,0,1366368191,chefdrew1,364,1,51,snow alaska dogsledding missiontrip eskimo ambler mushers dogsled inupiaq iñupiaq ambleralaska kobuk440 nativeamericaneskimo,,,67.087892,-157.857871,15,0,jxUNubRTUb9dTOaK,2354186,1,0,0,0,
201,8662542314,36448918@N05,5f8aa9dfd2,8239,9,259,1,0,0,1366368194,chefdrew1,364,1,50,snow alaska dogsledding missiontrip eskimo ambler mushers dogsled inupiaq iñupiaq ambleralaska kobuk440 nativeamericaneskimo,,,67.087892,-157.857871,15,0,jxUNubRTUb9dTOaK,2354186,1,0,0,0,
202,8661443437,36448918@N05,57511d5054,8240,9,260,1,0,0,1366368195,chefdrew1,364,1,61,snow alaska dogsledding missiontrip eskimo ambler mushers dogsled inupiaq iñupiaq ambleralaska kobuk440 nativeamericaneskimo,,,67.087892,-157.857871,15,0,jxUNubRTUb9dTOaK,2354186,1,0,0,0,
203,8661443069,36448918@N05,a76075e4e9,8257,9,261,1,0,0,1366368196,chefdrew1,364,1,53,snow alaska dogsledding missiontrip eskimo ambler mushers dogsled inupiaq iñupiaq ambleralaska kobuk440 nativeamericaneskimo,,,67.087892,-157.857871,15,0,jxUNubRTUb9dTOaK,2354186,1,0,0,0,
204,8662539966,36448918@N05,04f98e4efe,8264,9,264,1,0,0,1366368197,chefdrew1,364,1,41,snow alaska dogsledding missiontrip eskimo ambler mushers dogsled inupiaq iñupiaq ambleralaska kobuk440 nativeamericaneskimo,,,67.087892,-157.857871,15,0,jxUNubRTUb9dTOaK,2354186,1,0,0,0,
205,8662539426,36448918@N05,a74de4a407,8244,9,265,1,0,0,1366368198,chefdrew1,364,1,42,snow alaska dogsledding missiontrip eskimo ambler mushers dogsled inupiaq iñupiaq ambleralaska kobuk440 nativeamericaneskimo,,,67.087892,-157.857871,15,0,jxUNubRTUb9dTOaK,2354186,1,0,0,0,
206,8662538854,36448918@N05,a1dc90722d,8250,9,266,1,0,0,1366368199,chefdrew1,364,1,45,snow alaska dogsledding missiontrip eskimo ambler mushers dogsled inupiaq iñupiaq ambleralaska kobuk440 nativeamericaneskimo,,,67.087892,-157.857871,15,0,jxUNubRTUb9dTOaK,2354186,1,0,0,0,
207,8662538326,36448918@N05,435553c445,8245,9,267,1,0,0,1366368200,chefdrew1,364,1,56,snow alaska dogsledding missiontrip eskimo ambler mushers dogsled inupiaq iñupiaq ambleralaska kobuk440 nativeamericaneskimo,,,67.087892,-157.857871,15,0,jxUNubRTUb9dTOaK,2354186,1,0,0,0,
208,8662537812,36448918@N05,5c43b06b26,8244,9,268,1,0,0,1366368201,chefdrew1,364,1,57,snow alaska dogsledding missiontrip eskimo ambler mushers dogsled inupiaq iñupiaq ambleralaska kobuk440 nativeamericaneskimo,,,67.087892,-157.857871,15,0,jxUNubRTUb9dTOaK,2354186,1,0,0,0,
209,8662537268,36448918@N05,93eaa9168d,8250,9,269,1,0,0,1366368202,chefdrew1,364,1,74,snow alaska dogsledding missiontrip eskimo ambler mushers dogsled inupiaq iñupiaq ambleralaska kobuk440 nativeamericaneskimo,,,67.087892,-157.857871,15,0,jxUNubRTUb9dTOaK,2354186,1,0,0,0,
210,8661438357,36448918@N05,338a3aa32d,8250,9,270,1,0,0,1366368203,chefdrew1,364,1,141,snow alaska dogsledding missiontrip eskimo ambler mushers dogsled inupiaq iñupiaq ambleralaska kobuk440 nativeamericaneskimo,,,67.087892,-157.857871,15,0,jxUNubRTUb9dTOaK,2354186,1,0,0,0,
211,8661438163,36448918@N05,e559f00d69,8257,9,271,1,0,0,1366368204,chefdrew1,364,1,73,snow alaska dogsledding missiontrip eskimo ambler mushers dogsled inupiaq iñupiaq ambleralaska kobuk440 nativeamericaneskimo,,,67.087892,-157.857871,15,0,jxUNubRTUb9dTOaK,2354186,1,0,0,0,
212,8661437447,36448918@N05,19731c1a04,8258,9,272,1,0,0,1366368205,chefdrew1,364,1,56,snow alaska dogsledding missiontrip eskimo ambler mushers dogsled inupiaq iñupiaq ambleralaska kobuk440 nativeamericaneskimo,,,67.087892,-157.857871,15,0,jxUNubRTUb9dTOaK,2354186,1,0,0,0,
213,8661437215,36448918@N05,c2eb18d930,8262,9,273,1,0,0,1366368206,chefdrew1,364,1,56,snow alaska dogsledding missiontrip eskimo ambler mushers dogsled inupiaq iñupiaq ambleralaska kobuk440 nativeamericaneskimo,,,67.087892,-157.857871,15,0,jxUNubRTUb9dTOaK,2354186,1,0,0,0,
214,8662535138,36448918@N05,f271d13b62,8239,9,274,1,0,0,1366368206,chefdrew1,364,1,51,snow alaska dogsledding missiontrip eskimo ambler mushers dogsled inupiaq iñupiaq ambleralaska kobuk440 nativeamericaneskimo,,,67.087892,-157.857871,15,0,jxUNubRTUb9dTOaK,2354186,1,0,0,0,
215,8661436097,36448918@N05,eb5b7ac955,8251,9,275,1,0,0,1366368207,chefdrew1,364,1,87,snow alaska dogsledding missiontrip eskimo ambler mushers dogsled inupiaq iñupiaq ambleralaska kobuk440 nativeamericaneskimo,,,67.087892,-157.857871,15,0,jxUNubRTUb9dTOaK,2354186,1,0,0,0,
216,8662534194,36448918@N05,ff46b4bd50,8250,9,276,1,0,0,1366368207,chefdrew1,364,1,60,snow alaska dogsledding missiontrip eskimo ambler mushers dogsled inupiaq iñupiaq ambleralaska kobuk440 nativeamericaneskimo,,,67.087892,-157.857871,15,0,jxUNubRTUb9dTOaK,2354186,1,0,0,0,
217,8662533978,36448918@N05,835f739e77,8260,9,277,1,0,0,1366368208,chefdrew1,364,1,56,snow alaska dogsledding missiontrip eskimo ambler mushers dogsled inupiaq iñupiaq ambleralaska kobuk440 nativeamericaneskimo,,,67.087892,-157.857871,15,0,jxUNubRTUb9dTOaK,2354186,1,0,0,0,
218,8661434797,36448918@N05,a7df74a34a,8243,9,278,1,0,0,1366368209,chefdrew1,364,1,50,snow alaska dogsledding missiontrip eskimo ambler mushers dogsled inupiaq iñupiaq ambleralaska kobuk440 nativeamericaneskimo,,,67.087892,-157.857871,15,0,jxUNubRTUb9dTOaK,2354186,1,0,0,0,
219,8661434329,36448918@N05,7750839062,8250,9,279,1,0,0,1366368210,chefdrew1,364,1,63,snow alaska dogsledding missiontrip eskimo ambler mushers dogsled inupiaq iñupiaq ambleralaska kobuk440 nativeamericaneskimo,,,67.087892,-157.857871,15,0,jxUNubRTUb9dTOaK,2354186,1,0,0,0,
220,8662532338,36448918@N05,bb8cc44b70,8251,9,280,1,0,0,1366368210,chefdrew1,364,1,47,snow alaska dogsledding missiontrip eskimo ambler mushers dogsled inupiaq iñupiaq ambleralaska kobuk440 nativeamericaneskimo,,,67.087892,-157.857871,15,0,jxUNubRTUb9dTOaK,2354186,1,0,0,0,
221,8662531910,36448918@N05,086d9dbacd,8260,9,281,1,0,0,1366368211,chefdrew1,364,1,53,snow alaska dogsledding missiontrip eskimo ambler mushers dogsled inupiaq iñupiaq ambleralaska kobuk440 nativeamericaneskimo,,,67.087892,-157.857871,15,0,jxUNubRTUb9dTOaK,2354186,1,0,0,0,
222,8661433159,36448918@N05,9d95cf07e5,8247,9,282,1,0,0,1366368212,chefdrew1,364,1,78,snow alaska dogsledding missiontrip eskimo ambler mushers dogsled inupiaq jeffking iñupiaq ambleralaska kobuk440 nativeamericaneskimo jeffkingmusher,,,67.087892,-157.857871,15,0,jxUNubRTUb9dTOaK,2354186,1,0,0,0,
223,8662530956,36448918@N05,1781be9001,8247,9,283,1,0,0,1366368212,chefdrew1,364,1,68,snow alaska dogsledding missiontrip eskimo ambler mushers dogsled inupiaq jeffking iñupiaq ambleralaska kobuk440 nativeamericaneskimo jeffkingmusher,,,67.087892,-157.857871,15,0,jxUNubRTUb9dTOaK,2354186,1,0,0,0,
224,8661432195,36448918@N05,ced5ac57ea,8258,9,284,1,0,0,1366368213,chefdrew1,364,1,91,snow alaska dogsledding missiontrip eskimo ambler mushers dogsled inupiaq jeffking iñupiaq ambleralaska kobuk440 nativeamericaneskimo jeffkingmusher,,,67.087892,-157.857871,15,0,jxUNubRTUb9dTOaK,2354186,1,0,0,0,
225,8662530168,36448918@N05,cf1f467b3d,8253,9,285,1,0,0,1366368213,chefdrew1,364,1,137,snow alaska dogsledding missiontrip eskimo ambler mushers dogsled inupiaq jeffking iñupiaq ambleralaska kobuk440 nativeamericaneskimo jeffkingmusher,,,67.087892,-157.857871,15,0,jxUNubRTUb9dTOaK,2354186,1,0,0,0,
226,8661431537,36448918@N05,a8ae69b97a,8246,9,286,1,0,0,1366368214,chefdrew1,364,1,102,snow alaska dogsledding missiontrip eskimo ambler mushers dogsled inupiaq jeffking iñupiaq ambleralaska kobuk440 nativeamericaneskimo jeffkingmusher,,,67.087892,-157.857871,15,0,jxUNubRTUb9dTOaK,2354186,1,0,0,0,
227,8661431305,36448918@N05,bd19a34533,8246,9,287,1,0,0,1366368215,chefdrew1,364,1,121,snow alaska dogsledding missiontrip eskimo ambler mushers dogsled inupiaq jeffking iñupiaq ambleralaska kobuk440 nativeamericaneskimo jeffkingmusher,,,67.087892,-157.857871,15,0,jxUNubRTUb9dTOaK,2354186,1,0,0,0,
228,8661431019,36448918@N05,a02650a801,8253,9,288,1,0,0,1366368216,chefdrew1,364,1,105,snow alaska dogsledding missiontrip eskimo ambler mushers dogsled inupiaq jeffking iñupiaq ambleralaska kobuk440 nativeamericaneskimo jeffkingmusher,,,67.087892,-157.857871,15,0,jxUNubRTUb9dTOaK,2354186,1,0,0,0,
229,8661430753,36448918@N05,1b2be54025,8257,9,289,1,0,0,1366368217,chefdrew1,364,1,63,snow alaska dogsledding missiontrip eskimo ambler mushers dogsled inupiaq iñupiaq ambleralaska kobuk440 nativeamericaneskimo,,,67.087892,-157.857871,15,0,jxUNubRTUb9dTOaK,2354186,1,0,0,0,
230,8661430255,36448918@N05,c560d8b5a8,8260,9,290,1,0,0,1366368218,chefdrew1,364,1,64,snow alaska dogsledding missiontrip eskimo ambler mushers dogsled inupiaq iñupiaq ambleralaska kobuk440 nativeamericaneskimo,,,67.087892,-157.857871,15,0,jxUNubRTUb9dTOaK,2354186,1,0,0,0,
231,8661430119,36448918@N05,e00775b742,8240,9,291,1,0,0,1366368219,chefdrew1,364,1,93,snow alaska dogsledding missiontrip eskimo ambler mushers dogsled inupiaq iñupiaq ambleralaska kobuk440 nativeamericaneskimo,,,67.087892,-157.857871,15,0,jxUNubRTUb9dTOaK,2354186,1,0,0,0,
232,8661429687,36448918@N05,41cd0487c0,8258,9,292,1,0,0,1366368220,chefdrew1,364,1,119,snow alaska dogsledding missiontrip eskimo ambler mushers dogsled inupiaq iñupiaq ambleralaska kobuk440 nativeamericaneskimo,,,67.087892,-157.857871,15,0,jxUNubRTUb9dTOaK,2354186,1,0,0,0,
233,8661429119,36448918@N05,d824e27297,8265,9,293,1,0,0,1366368221,chefdrew1,364,1,46,snow alaska dogsledding missiontrip eskimo ambler mushers dogsled inupiaq iñupiaq ambleralaska kobuk440 nativeamericaneskimo,,,67.087892,-157.857871,15,0,jxUNubRTUb9dTOaK,2354186,1,0,0,0,
234,8661428849,36448918@N05,5646483384,8253,9,294,1,0,0,1366368222,chefdrew1,364,1,80,snow alaska dogsledding missiontrip eskimo ambler mushers dogsled inupiaq iñupiaq ambleralaska kobuk440 nativeamericaneskimo,,,67.087892,-157.857871,15,0,jxUNubRTUb9dTOaK,2354186,1,0,0,0,
235,8662526676,36448918@N05,7ca5ef3155,8260,9,295,1,0,0,1366368222,chefdrew1,364,1,72,snow alaska dogsledding missiontrip eskimo ambler mushers dogsled inupiaq iñupiaq ambleralaska kobuk440 nativeamericaneskimo,,,67.087892,-157.857871,15,0,jxUNubRTUb9dTOaK,2354186,1,0,0,0,
236,8661427877,36448918@N05,8e0c8c897f,8262,9,296,1,0,0,1366368223,chefdrew1,364,1,63,snow alaska dogsledding missiontrip eskimo ambler mushers dogsled inupiaq iñupiaq ambleralaska kobuk440 nativeamericaneskimo,,,67.087892,-157.857871,15,0,jxUNubRTUb9dTOaK,2354186,1,0,0,0,
237,8662525876,36448918@N05,3ddaf4c73c,8241,9,297,1,0,0,1366368223,chefdrew1,364,1,69,snow alaska dogsledding missiontrip eskimo ambler mushers dogsled inupiaq iñupiaq ambleralaska kobuk440 nativeamericaneskimo,,,67.087892,-157.857871,15,0,jxUNubRTUb9dTOaK,2354186,1,0,0,0,
238,8661427259,36448918@N05,52543d6d91,8248,9,298,1,0,0,1366368224,chefdrew1,364,1,65,snow alaska dogsledding missiontrip eskimo ambler mushers dogsled inupiaq iñupiaq ambleralaska kobuk440 nativeamericaneskimo,,,67.087892,-157.857871,15,0,jxUNubRTUb9dTOaK,2354186,1,0,0,0,
239,8661426381,36448918@N05,13f4f414e1,8241,9,299,1,0,0,1366368225,chefdrew1,364,1,64,snow alaska dogsledding missiontrip eskimo ambler mushers dogsled inupiaq iñupiaq ambleralaska kobuk440 nativeamericaneskimo,,,67.087892,-157.857871,15,0,jxUNubRTUb9dTOaK,2354186,1,0,0,0,
240,8661426057,36448918@N05,78d0aca045,8244,9,300,1,0,0,1366368226,chefdrew1,364,1,63,snow alaska dogsledding missiontrip eskimo ambler mushers dogsled inupiaq iñupiaq ambleralaska kobuk440 nativeamericaneskimo,,,67.087892,-157.857871,15,0,jxUNubRTUb9dTOaK,2354186,1,0,0,0,
241,8661425611,36448918@N05,cbe3cf5c89,8263,9,301,1,0,0,1366368227,chefdrew1,364,1,59,snow alaska dogsledding missiontrip eskimo ambler mushers dogsled inupiaq iñupiaq ambleralaska kobuk440 nativeamericaneskimo,,,67.087892,-157.857871,15,0,jxUNubRTUb9dTOaK,2354186,1,0,0,0,
242,8661424603,36448918@N05,ebf778d9f1,8266,9,302,1,0,0,1366368228,chefdrew1,364,1,47,snow alaska dogsledding missiontrip eskimo ambler mushers dogsled inupiaq iñupiaq ambleralaska kobuk440 nativeamericaneskimo,,,67.087892,-157.857871,15,0,jxUNubRTUb9dTOaK,2354186,1,0,0,0,
243,8661423909,36448918@N05,514a9f5e0a,8261,9,303,1,0,0,1366368229,chefdrew1,364,1,64,snow alaska dogsledding missiontrip eskimo ambler mushers dogsled inupiaq iñupiaq ambleralaska kobuk440 nativeamericaneskimo,,,67.087892,-157.857871,15,0,jxUNubRTUb9dTOaK,2354186,1,0,0,0,
244,8662521618,36448918@N05,07a4782145,8266,9,304,1,0,0,1366368229,chefdrew1,364,1,65,snow alaska dogsledding missiontrip eskimo ambler mushers dogsled inupiaq iñupiaq ambleralaska kobuk440 nativeamericaneskimo,,,67.087892,-157.857871,15,0,jxUNubRTUb9dTOaK,2354186,1,0,0,0,
245,8661422685,36448918@N05,52b723d696,8255,9,305,1,0,0,1366368230,chefdrew1,364,1,117,snow alaska dogsledding missiontrip eskimo ambler mushers dogsled inupiaq iñupiaq ambleralaska kobuk440 nativeamericaneskimo,,,67.087892,-157.857871,15,0,jxUNubRTUb9dTOaK,2354186,1,0,0,0,
246,8662520502,36448918@N05,3e44c075a1,8247,9,306,1,0,0,1366368230,chefdrew1,364,1,68,snow alaska dogsledding missiontrip eskimo ambler mushers dogsled inupiaq iñupiaq ambleralaska kobuk440 nativeamericaneskimo,,,67.087892,-157.857871,15,0,jxUNubRTUb9dTOaK,2354186,1,0,0,0,
247,8662519896,36448918@N05,6581a6a29d,8259,9,307,1,0,0,1366368231,chefdrew1,364,1,139,snow alaska dogsledding missiontrip eskimo ambler mushers dogsled inupiaq iñupiaq ambleralaska kobuk440 nativeamericaneskimo,,,67.087892,-157.857871,15,0,jxUNubRTUb9dTOaK,2354186,1,0,0,0,
248,8661421057,36448918@N05,2c159a16f6,8254,9,308,1,0,0,1366368232,chefdrew1,364,1,142,snow alaska dogsledding missiontrip eskimo ambler mushers dogsled inupiaq iñupiaq ambleralaska kobuk440 nativeamericaneskimo,,,67.087892,-157.857871,15,0,jxUNubRTUb9dTOaK,2354186,1,0,0,0,
249,8662518888,36448918@N05,de4785dda7,8249,9,309,1,0,0,1366368232,chefdrew1,364,1,55,snow alaska dogsledding missiontrip eskimo ambler mushers dogsled inupiaq iñupiaq ambleralaska kobuk440 nativeamericaneskimo,,,67.087892,-157.857871,15,0,jxUNubRTUb9dTOaK,2354186,1,0,0,0,
250,8661450177,36448918@N05,ca2eb16371,8261,9,247,1,0,0,1366346547,chefdrew1,364,1,70,snow alaska dogsledding missiontrip eskimo ambler mushers dogsled inupiaq iñupiaq ambleralaska kobuk440 nativeamericaneskimo,,,67.087892,-157.857871,15,0,jxUNubRTUb9dTOaK,2354186,1,0,0,0,
251,8662547042,36448918@N05,b3c2246e35,8256,9,250,1,0,0,1366346482,chefdrew1,364,1,58,snow alaska dogsledding missiontrip eskimo ambler mushers dogsled inupiaq iñupiaq ambleralaska kobuk440 nativeamericaneskimo,,,67.087892,-157.857871,15,0,jxUNubRTUb9dTOaK,2354186,1,0,0,0,
252,8661448075,36448918@N05,6033ba448e,8262,9,251,1,0,0,1366346461,chefdrew1,364,1,58,snow alaska dogsledding missiontrip eskimo ambler mushers dogsled inupiaq iñupiaq ambleralaska kobuk440 nativeamericaneskimo,,,67.087892,-157.857871,15,0,jxUNubRTUb9dTOaK,2354186,1,0,0,0,
253,8661445947,36448918@N05,0ef58ddd3f,8246,9,255,1,0,0,1366346371,chefdrew1,364,1,66,snow alaska dogsledding missiontrip eskimo ambler mushers dogsled inupiaq iñupiaq ambleralaska kobuk440 nativeamericaneskimo,,,67.087892,-157.857871,15,0,jxUNubRTUb9dTOaK,2354186,1,0,0,0,
254,8661445099,36448918@N05,682a1bc049,8257,9,256,1,0,0,1366346343,chefdrew1,364,1,71,snow alaska dogsledding missiontrip eskimo ambler mushers dogsled inupiaq iñupiaq ambleralaska kobuk440 nativeamericaneskimo,,,67.087892,-157.857871,15,0,jxUNubRTUb9dTOaK,2354186,1,0,0,0,
255,8661444351,36448918@N05,b9e07c2b29,8248,9,258,1,0,0,1366346314,chefdrew1,364,1,60,snow alaska dogsledding missiontrip eskimo ambler mushers dogsled inupiaq iñupiaq ambleralaska kobuk440 nativeamericaneskimo,,,67.087892,-157.857871,15,0,jxUNubRTUb9dTOaK,2354186,1,0,0,0,
256,8662541120,36448918@N05,759c189a98,8244,9,262,1,0,0,1366346243,chefdrew1,364,1,67,snow alaska dogsledding missiontrip eskimo ambler mushers dogsled inupiaq iñupiaq ambleralaska kobuk440 nativeamericaneskimo,,,67.087892,-157.857871,15,0,jxUNubRTUb9dTOaK,2354186,1,0,0,0,
257,8661442009,36448918@N05,4e7fdd1b18,8251,9,263,1,0,0,1366346223,chefdrew1,364,1,53,snow alaska dogsledding missiontrip eskimo ambler mushers dogsled inupiaq iñupiaq ambleralaska kobuk440 nativeamericaneskimo,,,67.087892,-157.857871,15,0,jxUNubRTUb9dTOaK,2354186,1,0,0,0,
