,Unnamed: 0,id,owner,secret,server,farm,title,ispublic,isfriend,isfamily,dateupload,ownername,iconserver,iconfarm,views,tags,latitude,longitude,accuracy,context,place_id,woeid,geo_is_public,geo_is_contact,geo_is_friend,geo_is_family,originalsecret,originalformat,machine_tags,in_park
0,0,49991307596,46385530@N00,5cc0e927f0,65535,66,Coral and Seashells,1,0,0,1591790495,abanderson22,7895,8,14,tutuila nationalparkofamericansamoa southpacific americansamoa nationalpark americansamoanationalpark,-14.245823000000001,-170.673081,16,0,,5880881.0,1,0,0,0,,,,True
4,4,48249494761,46385530@N00,70b1cf92ef,65535,66,Vatia Coast,1,0,0,1562769135,abanderson22,7895,8,111,ocean nationalparkofamericansamoa beach nature americansamoanationalpark southpacific tutuila americansamoa,-14.240855999999999,-170.671114,16,0,,5880881.0,1,0,0,0,,,,True
11,11,44635717260,22691745@N00,8161590794,4853,5,,1,0,0,1545701442,rscottjones,751,1,27,,-14.266759,-170.6557,16,0,0QMFsGZTVrzEeckrAw,24602702.0,1,0,0,0,d6728f365c,jpg,,True
13,13,45525756555,22691745@N00,9eb513353c,4841,5,,1,0,0,1545610505,rscottjones,751,1,28,,-14.248692000000002,-170.662445,16,0,9REAB4lTVrxnwu.upw,24602701.0,1,0,0,0,98d5bba8c1,jpg,,True
17,17,32554738378,22691745@N00,0ae1f10a5d,4910,5,,1,0,0,1545537926,rscottjones,751,1,17,,-14.266759,-170.6557,16,0,0QMFsGZTVrzEeckrAw,24602702.0,1,0,0,0,9c8e7ca3cd,jpg,,True
18,18,31485474407,22691745@N00,c9b904e3ee,4864,5,,1,0,0,1545526097,rscottjones,751,1,20,,-14.251714000000002,-170.655014,16,0,0QMFsGZTVrzEeckrAw,24602702.0,1,0,0,0,3dac3bdbd3,jpg,,True
137,137,47874439271,139587077@N03,ba689a3cb7,65535,66,850_7670,1,0,0,1558184091,Carbon624,1526,2,249,princesscruiseline pcl starprincess 28dayhawaiitahitisamoacruise nationalparkofamericansamoa americansamoaflagday2019 pagopago americansamoa,-14.253256,-170.656689,16,0,0QMFsGZTVrzEeckrAw,24602702.0,1,0,0,0,,,,True
138,138,47874406561,139587077@N03,1e79209cb3,65535,66,850_7671,1,0,0,1558184092,Carbon624,1526,2,203,princesscruiseline pcl starprincess 28dayhawaiitahitisamoacruise nationalparkofamericansamoa americansamoaflagday2019 pagopago americansamoa,-14.253256,-170.656689,16,0,0QMFsGZTVrzEeckrAw,24602702.0,1,0,0,0,,,,True
139,139,47085047534,139587077@N03,d51844ec24,65535,66,850_7672,1,0,0,1558184093,Carbon624,1526,2,204,princesscruiseline pcl starprincess 28dayhawaiitahitisamoacruise nationalparkofamericansamoa americansamoaflagday2019 pagopago americansamoa,-14.253256,-170.656689,16,0,0QMFsGZTVrzEeckrAw,24602702.0,1,0,0,0,,,,True
140,140,46958165805,139587077@N03,cc011de41a,65535,66,850_7674,1,0,0,1558184094,Carbon624,1526,2,207,princesscruiseline pcl starprincess 28dayhawaiitahitisamoacruise nationalparkofamericansamoa americansamoaflagday2019 pagopago americansamoa,-14.253256,-170.656689,16,0,0QMFsGZTVrzEeckrAw,24602702.0,1,0,0,0,,,,True
141,141,33997129368,139587077@N03,0cdb393ced,65535,66,850_7675,1,0,0,1558184095,Carbon624,1526,2,207,princesscruiseline pcl starprincess 28dayhawaiitahitisamoacruise nationalparkofamericansamoa americansamoaflagday2019 pagopago americansamoa,-14.248545000000002,-170.66173899999998,16,0,9REAB4lTVrxnwu.upw,24602701.0,1,0,0,0,,,,True
142,142,47874300371,139587077@N03,b85d8a495c,65535,66,850_7677,1,0,0,1558184095,Carbon624,1526,2,205,princesscruiseline pcl starprincess 28dayhawaiitahitisamoacruise nationalparkofamericansamoa americansamoaflagday2019 pagopago americansamoa,-14.248545000000002,-170.66173899999998,16,0,9REAB4lTVrxnwu.upw,24602701.0,1,0,0,0,,,,True
143,143,47084960944,139587077@N03,93c0df8037,65535,66,850_7676,1,0,0,1558184095,Carbon624,1526,2,207,princesscruiseline pcl starprincess 28dayhawaiitahitisamoacruise nationalparkofamericansamoa americansamoaflagday2019 pagopago americansamoa,-14.248545000000002,-170.66173899999998,16,0,9REAB4lTVrxnwu.upw,24602701.0,1,0,0,0,,,,True
202,202,45741536164,22691745@N00,9d7d56ab24,4880,5,,1,0,0,1545784816,rscottjones,751,1,48,,-14.242486999999999,-170.671448,16,0,9REAB4lTVrxnwu.upw,24602701.0,1,0,0,0,257bb2dece,jpg,,True
204,204,31512841517,22691745@N00,a1cd28d5a0,4825,5,,1,0,0,1545701475,rscottjones,751,1,45,,-14.242486999999999,-170.671448,16,0,9REAB4lTVrxnwu.upw,24602701.0,1,0,0,0,e3442b45c2,jpg,,True
207,207,31498954507,22691745@N00,f50a0bbc0e,7821,8,,1,0,0,1545610509,rscottjones,751,1,56,,-14.240789000000001,-170.671037,16,0,9REAB4lTVrxnwu.upw,24602701.0,1,0,0,0,7768360734,jpg,,True
209,209,46426524171,22691745@N00,fca6c4388e,4900,5,,1,0,0,1545537968,rscottjones,751,1,39,,-14.242486999999999,-170.671448,16,0,9REAB4lTVrxnwu.upw,24602701.0,1,0,0,0,c36d364802,jpg,,True
212,212,46374546592,22691745@N00,e0a5796ffc,4855,5,,1,0,0,1545526094,rscottjones,751,1,20,,-14.240862,-170.671142,16,0,9REAB4lTVrxnwu.upw,24602701.0,1,0,0,0,141589cce2,jpg,,True
213,213,46374546182,22691745@N00,f9d5c8cd2b,7915,8,,1,0,0,1545526091,rscottjones,751,1,17,,-14.242656,-170.671548,16,0,9REAB4lTVrxnwu.upw,24602701.0,1,0,0,0,45c9aa4846,jpg,,True
224,224,44608309440,22691745@N00,f5d5447ee9,4890,5,,1,0,0,1545525075,rscottjones,751,1,22,,-14.248753,-170.662506,16,0,9REAB4lTVrxnwu.upw,24602701.0,1,0,0,0,6579ef6f68,jpg,,True
229,229,45512296625,22691745@N00,0f7947f552,4890,5,,1,0,0,1545525041,rscottjones,751,1,29,,-14.242231,-170.671234,16,0,9REAB4lTVrxnwu.upw,24602701.0,1,0,0,0,7264ded848,jpg,,True
236,236,45701947034,22691745@N00,89304def54,7803,8,,1,0,0,1545524987,rscottjones,751,1,21,,-14.240855999999999,-170.67126399999998,16,0,9REAB4lTVrxnwu.upw,24602701.0,1,0,0,0,5680c4aa6b,jpg,,True
237,237,32552962368,22691745@N00,7859d37584,4853,5,,1,0,0,1545524085,rscottjones,751,1,15,,-14.241395,-170.671539,16,0,9REAB4lTVrxnwu.upw,24602701.0,1,0,0,0,fbaf039a6e,jpg,,True
238,238,44608186200,22691745@N00,b47745f29c,4854,5,,1,0,0,1545524083,rscottjones,751,1,62,,-14.240870000000001,-170.67113700000002,16,0,9REAB4lTVrxnwu.upw,24602701.0,1,0,0,0,781d7aca2c,jpg,,True
241,241,32552960138,22691745@N00,c855b627d6,7836,8,,1,0,0,1545524066,rscottjones,751,1,18,,-14.248406,-170.661745,16,0,9REAB4lTVrxnwu.upw,24602701.0,1,0,0,0,1d244bb41a,jpg,,True
254,254,33589362925,42924936@N00,e71f2d7456,2906,3,Ofu Beach Pastel Sunrise,1,0,0,1490196716,Rob Kroenert,3831,4,2102,ofu beach island american samoa manua tutuila ocean clouds sunrise dawn morning light coral reef nationalparkofamericansamoa national park us palm tree blue pink,-14.179470000000002,-169.655748,16,0,GpxoXgRTVrz9yAimrA,24602687.0,1,0,0,0,,,,True
308,308,13318599365,60348236@N07,05bd7870ff,7452,8,National Park of American Samoa,1,0,0,1395448820,bac1967,65535,66,1494,park camera usa slr film 35mm island paradise pacific kodak south national american tropical ft samoa 100 photographed petri tropics ektar vatia,-14.240673999999999,-170.67133,16,0,9_M9a8BQUry5umc3,1062841.0,1,0,0,0,08c2867d60,jpg,,True
309,309,13318919654,60348236@N07,2bcd69129e,7098,8,Ogetu Ridge,1,0,0,1395448575,bac1967,65535,66,669,camera usa flower tree slr film 35mm island paradise pacific kodak south palm ridge american tropical ft samoa 100 photographed petri tropics ektar ogetu,-14.266732999999999,-170.65543,16,0,9_M9a8BQUry5umc3,1062841.0,1,0,0,0,eaea9cc695,jpg,,True
361,361,26809050781,12049281@N06,294ea84084,7304,8,DAZ55434 -1,1,0,0,1462658330,dazt,3775,4,56,,-14.248542,-170.661628,16,0,9REAB4lTVrxnwu.upw,24602701.0,1,0,0,0,744462dcdd,jpg,,True
379,379,15749528271,128444297@N07,e1b26d948b,3950,4,IMG_8199,1,0,0,1415571299,michaelbrockett,0,0,37,,-14.265506,-170.70453600000002,15,0,9_M9a8BQUry5umc3,1062841.0,1,0,0,0,320fee10b3,jpg,,True
380,380,15751414505,128444297@N07,c7300f5b61,5602,6,IMG_8189,1,0,0,1415571298,michaelbrockett,0,0,33,,-14.265506,-170.70453600000002,15,0,9_M9a8BQUry5umc3,1062841.0,1,0,0,0,a7dd2c8fc4,jpg,,True
382,382,14692087226,41034527@N03,073ae6e09f,2921,3,AmSamoa 324,1,0,0,1406012053,tculek,5775,6,182,,-14.240864000000002,-170.671173,16,0,9_M9a8BQUry5umc3,1062841.0,1,0,0,0,,,,True
383,383,14692087206,41034527@N03,b472656ec4,2917,3,AmSamoa 331,1,0,0,1406012053,tculek,5775,6,174,,-14.244845000000002,-170.67871200000002,16,0,9_M9a8BQUry5umc3,1062841.0,1,0,0,0,,,,True
384,384,14692087176,41034527@N03,5b0b9546c3,5578,6,AmSamoa 592,1,0,0,1406012053,tculek,5775,6,148,,-14.240864000000002,-170.671173,16,0,9_M9a8BQUry5umc3,1062841.0,1,0,0,0,,,,True
419,419,13132377705,81483064@N06,e3fb351f2b,7428,8,IMG_3196,1,0,0,1394739557,"S&PF, USFS Pacific Southwest Region",456,1,71,meeting pic americansamoa tutuila,-14.266881,-170.655434,16,0,9_M9a8BQUry5umc3,1062841.0,1,0,0,0,9a317ce0ec,jpg,,True
420,420,13132376075,81483064@N06,71f83c4e97,2539,3,IMG_3197,1,0,0,1394739558,"S&PF, USFS Pacific Southwest Region",456,1,77,meeting pic americansamoa tutuila,-14.266828,-170.655306,16,0,9_M9a8BQUry5umc3,1062841.0,1,0,0,0,40c3d4bedc,jpg,,True
421,421,13132375485,81483064@N06,2b464d5d42,7405,8,IMG_3198,1,0,0,1394739559,"S&PF, USFS Pacific Southwest Region",456,1,69,meeting pic americansamoa tutuila,-14.248414000000002,-170.661773,16,0,9_M9a8BQUry5umc3,1062841.0,1,0,0,0,57f17c291d,jpg,,True
422,422,13132668354,81483064@N06,97c3881e34,2181,3,IMG_3199,1,0,0,1394739559,"S&PF, USFS Pacific Southwest Region",456,1,80,meeting pic americansamoa tutuila,-14.248408999999999,-170.66177,16,0,9_M9a8BQUry5umc3,1062841.0,1,0,0,0,782e6c5b73,jpg,,True
423,423,13132667464,81483064@N06,49f95ce4c3,2664,3,IMG_3200,1,0,0,1394739560,"S&PF, USFS Pacific Southwest Region",456,1,77,meeting pic americansamoa tutuila,-14.248408999999999,-170.661945,16,0,9_M9a8BQUry5umc3,1062841.0,1,0,0,0,1154481780,jpg,,True
424,424,13132373965,81483064@N06,6ecb5106ac,3700,4,IMG_3202,1,0,0,1394739561,"S&PF, USFS Pacific Southwest Region",456,1,89,meeting pic americansamoa tutuila,-14.248675,-170.66155,16,0,9_M9a8BQUry5umc3,1062841.0,1,0,0,0,e9f0f7a67b,jpg,,True
425,425,13132373305,81483064@N06,44861772bc,7459,8,IMG_3201,1,0,0,1394739561,"S&PF, USFS Pacific Southwest Region",456,1,72,meeting pic americansamoa tutuila,-14.248486999999999,-170.661531,16,0,9_M9a8BQUry5umc3,1062841.0,1,0,0,0,567d2b2cc7,jpg,,True
426,426,13132371815,81483064@N06,e5b4fdf6ec,3708,4,IMG_3203,1,0,0,1394739562,"S&PF, USFS Pacific Southwest Region",456,1,78,meeting pic americansamoa tutuila,-14.249523000000002,-170.663876,16,0,9_M9a8BQUry5umc3,1062841.0,1,0,0,0,c0780e3661,jpg,,True
427,427,13132371395,81483064@N06,99d295d013,3824,4,IMG_3204,1,0,0,1394739563,"S&PF, USFS Pacific Southwest Region",456,1,79,meeting pic americansamoa tutuila,-14.249481,-170.663937,16,0,9_M9a8BQUry5umc3,1062841.0,1,0,0,0,ac21ccb6f4,jpg,,True
428,428,13132663484,81483064@N06,fe93045b23,3782,4,IMG_3206,1,0,0,1394739564,"S&PF, USFS Pacific Southwest Region",456,1,72,meeting pic americansamoa tutuila,-14.249362,-170.66402,16,0,9_M9a8BQUry5umc3,1062841.0,1,0,0,0,7df56fddf7,jpg,,True
429,429,13132370495,81483064@N06,295bc29ea3,3743,4,IMG_3205,1,0,0,1394739564,"S&PF, USFS Pacific Southwest Region",456,1,79,meeting pic americansamoa tutuila,-14.249317000000001,-170.66386699999998,16,0,9_M9a8BQUry5umc3,1062841.0,1,0,0,0,fc49a73272,jpg,,True
430,430,13132662494,81483064@N06,bd87803ca5,7301,8,IMG_3208,1,0,0,1394739565,"S&PF, USFS Pacific Southwest Region",456,1,77,meeting pic americansamoa tutuila,-14.249412,-170.66398700000002,16,0,9_M9a8BQUry5umc3,1062841.0,1,0,0,0,1eef0a6f4e,jpg,,True
431,431,13132369055,81483064@N06,17729d8611,3758,4,IMG_3207,1,0,0,1394739565,"S&PF, USFS Pacific Southwest Region",456,1,80,meeting pic americansamoa tutuila,-14.249384,-170.663923,16,0,9_M9a8BQUry5umc3,1062841.0,1,0,0,0,dd859de7c4,jpg,,True
432,432,13132660474,81483064@N06,c4f47898ee,3677,4,IMG_3209,1,0,0,1394739566,"S&PF, USFS Pacific Southwest Region",456,1,77,meeting pic americansamoa tutuila,-14.249403,-170.663959,16,0,9_M9a8BQUry5umc3,1062841.0,1,0,0,0,7f4e8a6685,jpg,,True
452,452,13132461933,81483064@N06,3d4518d7a1,2009,3,IMG_3235,1,0,0,1394739581,"S&PF, USFS Pacific Southwest Region",456,1,83,meeting pic americansamoa tutuila,-14.240881,-170.671209,16,0,9_M9a8BQUry5umc3,1062841.0,1,0,0,0,b5930162b3,jpg,,True
458,458,13132627394,81483064@N06,696f3c53d4,7437,8,IMG_3249,1,0,0,1394739589,"S&PF, USFS Pacific Southwest Region",456,1,57,meeting pic americansamoa tutuila,-14.276564000000002,-170.713109,16,0,9_M9a8BQUry5umc3,1062841.0,1,0,0,0,807ba47e62,jpg,,True
459,459,13132451983,81483064@N06,edc53a3426,3740,4,IMG_3248,1,0,0,1394739589,"S&PF, USFS Pacific Southwest Region",456,1,52,meeting pic americansamoa tutuila,-14.276067000000001,-170.712859,16,0,9_M9a8BQUry5umc3,1062841.0,1,0,0,0,314732959f,jpg,,True
460,460,13132624994,81483064@N06,5ce8e2f4c6,7346,8,IMG_3251,1,0,0,1394739590,"S&PF, USFS Pacific Southwest Region",456,1,64,meeting pic americansamoa tutuila,-14.276389000000002,-170.712873,16,0,9_M9a8BQUry5umc3,1062841.0,1,0,0,0,f3ab396a2e,jpg,,True
461,461,13132624244,81483064@N06,f7a86be255,7344,8,IMG_3252,1,0,0,1394739591,"S&PF, USFS Pacific Southwest Region",456,1,55,meeting pic americansamoa tutuila,-14.27677,-170.713239,16,0,9_M9a8BQUry5umc3,1062841.0,1,0,0,0,ca1b85d6cb,jpg,,True
462,462,13132623224,81483064@N06,536ee72579,3674,4,IMG_3253,1,0,0,1394739592,"S&PF, USFS Pacific Southwest Region",456,1,60,meeting pic americansamoa tutuila,-14.277312,-170.71338899999998,16,0,9_M9a8BQUry5umc3,1062841.0,1,0,0,0,734fc7b891,jpg,,True
463,463,13132447383,81483064@N06,6b480b169d,3776,4,IMG_3255,1,0,0,1394739593,"S&PF, USFS Pacific Southwest Region",456,1,57,meeting pic americansamoa tutuila,-14.281525,-170.714539,16,0,9_M9a8BQUry5umc3,1062841.0,1,0,0,0,09eaa145ed,jpg,,True
480,480,10581305346,29259841@N03,93dc575f72,7395,8,"Samoa américaines, Mt Alava",1,0,0,1383169681,fabvirge,4858,5,229,flickr sentier forêt brume randonnée tutuila pagopago forãªt randonnã©e samoaaméricaines fabienmalclès,-14.267107000000001,-170.69915,16,0,9_M9a8BQUry5umc3,1062841.0,1,0,0,0,,,,True
481,481,10581325014,29259841@N03,2e47aca68d,2819,3,"Samoa américaines, Mt Alava",1,0,0,1383169681,fabvirge,4858,5,223,flickr escalier forêt tutuila pagopago forãªt samoaaméricaines virginielaloy,-14.265006,-170.687499,16,0,9_M9a8BQUry5umc3,1062841.0,1,0,0,0,,,,True
482,482,10581260355,29259841@N03,d8921bbc8e,5541,6,"Samoa américaines, Mt Alava",1,0,0,1383169683,fabvirge,4858,5,209,flickr mousse tutuila pagopago forêthumide samoaaméricaines forãªthumide,-14.257925,-170.68027800000002,16,0,9_M9a8BQUry5umc3,1062841.0,1,0,0,0,,,,True
483,483,10581257845,29259841@N03,7c9a2564da,7345,8,"Samoa américaines, Mt Alava",1,0,0,1383169684,fabvirge,4858,5,242,flickr sentier corde randonnée tutuila pagopago forêthumide randonnã©e samoaaméricaines fabienmalclès forãªthumide,-14.257925,-170.68027800000002,16,0,9_M9a8BQUry5umc3,1062841.0,1,0,0,0,,,,True
484,484,10581534263,29259841@N03,b9dbcd4b42,3674,4,"Samoa américaines, Tutuila",1,0,0,1383169684,fabvirge,4858,5,259,flickr ciel nuage falaise plage galet vatia tutuila samoaaméricaines,-14.240039000000001,-170.671416,16,0,9_M9a8BQUry5umc3,1062841.0,1,0,0,0,,,,True
486,486,10581307214,29259841@N03,2e6f1ef8b1,3781,4,"Samoa américaines, Pago Pago",1,0,0,1383169692,fabvirge,4858,5,476,port flickr bâteau tutuila pagopago photoaérienne bã¢teau samoaaméricaines photoaã©rienne,-14.265006,-170.687499,16,0,9_M9a8BQUry5umc3,1062841.0,1,0,0,0,,,,True
502,502,5586429456,9071562@N03,1a5883372b,5265,6,laying an Egg (2),1,0,0,1301860312,Herb In Hawaii,5542,6,225,ocean trees green beach water rock island see sand rocks waves natural pacific bluewater bluesky landmark cliffs pacificocean national land samoa herb americansamoa bluesea tutuila rocksounds vaiavastrait vatiabay polatai,-14.240591,-170.671185,16,0,9_M9a8BQUry5umc3,1062841.0,1,0,0,0,f7683f9a14,jpg,,True
503,503,5586425218,9071562@N03,29a49df54d,5221,6,Vai'ava Strait (10),1,0,0,1301860245,Herb In Hawaii,5542,6,107,ocean trees green beach water rock island see sand rocks waves natural pacific bluewater bluesky landmark cliffs pacificocean national land samoa herb americansamoa bluesea tutuila rocksounds vaiavastrait vatiabay polatai,-14.240591,-170.671185,16,0,9_M9a8BQUry5umc3,1062841.0,1,0,0,0,696c613323,jpg,,True
517,517,8747786512,13709281@N00,31de475c0f,7307,8,"130417 Rainmaker Mountain, a National Natural Landmark",1,0,0,1368797727,BY Chu,7309,8,369,nationalpark southpacific americansamoa tutuila nationalparkofamericansamoa rainmakermountainnationalnaturallandmark,-14.266832999999998,-170.655683,16,0,9_M9a8BQUry5umc3,1062841.0,1,0,0,0,e87b63dc08,jpg,,True
518,518,8747778524,13709281@N00,ce03235f48,8536,9,130417 Lower Sauma Ridge Trail,1,0,0,1368797505,BY Chu,7309,8,309,americansamoa lowersaumaridgetrail nationalpark nationalparkofamericansamoa southpacific tropicalrainforest tutuila,-14.24595,-170.66098300000002,16,0,9REAB4lTVrxnwu.upw,24602701.0,1,0,0,0,940081ef9f,jpg,,True
519,519,8746657525,13709281@N00,4d00c67010,7310,8,130417 Lower Sauma Ridge Trail,1,0,0,1368797492,BY Chu,7309,8,375,americansamoa lowersaumaridgetrail nationalpark nationalparkofamericansamoa southpacific tropicalrainforest tutuila,-14.2485,-170.66171699999998,16,0,9REAB4lTVrxnwu.upw,24602701.0,1,0,0,0,cac266e41c,jpg,,True
520,520,8746657159,13709281@N00,39899c64cc,7319,8,130417 Lower Sauma Ridge Trail,1,0,0,1368797482,BY Chu,7309,8,381,americansamoa lowersaumaridgetrail nationalpark nationalparkofamericansamoa southpacific tropicalrainforest tutuila,-14.2485,-170.66171699999998,16,0,9REAB4lTVrxnwu.upw,24602701.0,1,0,0,0,72d74f3dfd,jpg,,True
521,521,8746648379,13709281@N00,d79d0e1731,7294,8,130417 Pola Island,1,0,0,1368797229,BY Chu,7309,8,558,americansamoa nationalpark nationalparkofamericansamoa polaisland southpacific tuafanuatrail tutuila,-14.2485,-170.66171699999998,16,0,9REAB4lTVrxnwu.upw,24602701.0,1,0,0,0,195a2a0736,jpg,,True
522,522,8747754588,13709281@N00,884d180482,8549,9,130417 Tuafanua Trail,1,0,0,1368796878,BY Chu,7309,8,270,americansamoa nationalpark nationalparkofamericansamoa southpacific tuafanuatrail tutuila,-14.244932999999998,-170.678617,16,0,9REAB4lTVrxnwu.upw,24602701.0,1,0,0,0,b38249b034,jpg,,True
523,523,8747754406,13709281@N00,46d9b5edb5,7325,8,130417 Tuafanua Trail,1,0,0,1368796873,BY Chu,7309,8,359,americansamoa nationalpark nationalparkofamericansamoa polaisland southpacific tuafanuatrail tutuila,-14.244867000000001,-170.678667,16,0,9REAB4lTVrxnwu.upw,24602701.0,1,0,0,0,28bfb421a7,jpg,,True
524,524,8746627993,13709281@N00,ef6ec395f4,7325,8,130417 Tuafanua Trail,1,0,0,1368796714,BY Chu,7309,8,310,americansamoa nationalpark nationalparkofamericansamoa southpacific tropicalrainforest tuafanuatrail tutuila,-14.243617,-170.6769,16,0,9REAB4lTVrxnwu.upw,24602701.0,1,0,0,0,c38aedf4ca,jpg,,True
525,525,8747735146,13709281@N00,3aea6192a1,8411,9,130417 Vai'ava Strait National Natural Landmark,1,0,0,1368796299,BY Chu,7309,8,479,americansamoa nationalpark nationalparkofamericansamoa polaisland polaislandtrail southpacific tutuila vaiavastraitnationalnaturallandmark,-14.2414,-170.671633,16,0,9REAB4lTVrxnwu.upw,24602701.0,1,0,0,0,4db82210af,jpg,,True
526,526,8746606813,13709281@N00,f05214742d,8119,9,130417 Pola Island Trail,1,0,0,1368796039,BY Chu,7309,8,307,americansamoa nationalpark nationalparkofamericansamoa polaislandtrail southpacific tutuila,-14.24225,-170.67121699999998,16,0,9REAB4lTVrxnwu.upw,24602701.0,1,0,0,0,9df56ae8b9,jpg,,True
527,527,8747698882,13709281@N00,013f50390d,8119,9,130417 Pola Island,1,0,0,1368795097,BY Chu,7309,8,457,americansamoa flower nationalpark nationalparkofamericansamoa polaisland southpacific tutuila,-14.249683,-170.664433,16,0,9REAB4lTVrxnwu.upw,24602701.0,1,0,0,0,9879ae440c,jpg,,True
528,528,8747694186,13709281@N00,833cdc9e1c,8535,9,130417 Vatia Bay,1,0,0,1368794913,BY Chu,7309,8,235,nationalpark southpacific americansamoa tutuila nationalparkofamericansamoa vatiabay,-14.25175,-170.655017,16,0,9_M9a8BQUry5umc3,1062841.0,1,0,0,0,63263c1f29,jpg,,True
648,648,5586431554,9071562@N03,e0307469ca,5265,6,dead coconut crab (2),1,0,0,1301860343,Herb In Hawaii,5542,6,459,ocean trees green beach water rock island see sand rocks waves natural pacific bluewater bluesky landmark cliffs pacificocean national land samoa herb americansamoa bluesea tutuila rocksounds vaiavastrait vatiabay polatai,-14.240591,-170.671185,16,0,9_M9a8BQUry5umc3,1062841.0,1,0,0,0,449e75e1e4,jpg,,True
649,649,5586431260,9071562@N03,c3c67e7b89,5020,6,dead coconut crab (1),1,0,0,1301860338,Herb In Hawaii,5542,6,290,ocean trees green beach water rock island see sand rocks waves natural pacific bluewater bluesky landmark cliffs pacificocean national land samoa herb americansamoa bluesea tutuila rocksounds vaiavastrait vatiabay polatai,-14.240591,-170.671185,16,0,9_M9a8BQUry5umc3,1062841.0,1,0,0,0,547de7ec9c,jpg,,True
650,650,5585839765,9071562@N03,77cf1bb11e,5253,6,dead coconut crab (5),1,0,0,1301860335,Herb In Hawaii,5542,6,234,ocean trees green beach water rock island see sand rocks waves natural pacific bluewater bluesky landmark cliffs pacificocean national land samoa herb americansamoa bluesea tutuila rocksounds vaiavastrait vatiabay polatai,-14.240591,-170.671185,16,0,9_M9a8BQUry5umc3,1062841.0,1,0,0,0,b4f49b1bb6,jpg,,True
651,651,5586430786,9071562@N03,f3e3e4fe8e,5264,6,dead coconut crab (3),1,0,0,1301860332,Herb In Hawaii,5542,6,223,ocean trees green beach water rock island see sand rocks waves natural pacific bluewater bluesky landmark cliffs pacificocean national land samoa herb americansamoa bluesea tutuila rocksounds vaiavastrait vatiabay polatai,-14.240591,-170.671185,16,0,9_M9a8BQUry5umc3,1062841.0,1,0,0,0,b72798f3c4,jpg,,True
652,652,5585839089,9071562@N03,8abbe50fca,5293,6,dead coconut crab (4),1,0,0,1301860324,Herb In Hawaii,5542,6,213,ocean trees green beach water rock island see sand rocks waves natural pacific bluewater bluesky landmark cliffs pacificocean national land samoa herb americansamoa bluesea tutuila rocksounds vaiavastrait vatiabay polatai,-14.240591,-170.671185,16,0,9_M9a8BQUry5umc3,1062841.0,1,0,0,0,2a59b7c323,jpg,,True
653,653,5586429938,9071562@N03,825dccbe11,5173,6,laying an Egg (1),1,0,0,1301860320,Herb In Hawaii,5542,6,119,ocean trees green beach water rock island see sand rocks waves natural pacific bluewater bluesky landmark cliffs pacificocean national land samoa herb americansamoa bluesea tutuila rocksounds vaiavastrait vatiabay polatai,-14.240591,-170.671185,16,0,9_M9a8BQUry5umc3,1062841.0,1,0,0,0,363696aa6e,jpg,,True
654,654,5586429700,9071562@N03,9d94099d79,5228,6,laying an Egg (3),1,0,0,1301860316,Herb In Hawaii,5542,6,147,ocean trees green beach water rock island see sand rocks waves natural pacific bluewater bluesky landmark cliffs pacificocean national land samoa herb americansamoa bluesea tutuila rocksounds vaiavastrait vatiabay polatai,-14.240591,-170.671185,16,0,9_M9a8BQUry5umc3,1062841.0,1,0,0,0,6ee267d3ff,jpg,,True
655,655,5586429166,9071562@N03,a3ebe6da35,5221,6,Vai'ava Strait (26),1,0,0,1301860307,Herb In Hawaii,5542,6,79,ocean trees green beach water rock island see sand rocks waves natural pacific bluewater bluesky landmark cliffs pacificocean national land samoa herb americansamoa bluesea tutuila rocksounds vaiavastrait vatiabay polatai,-14.240591,-170.671185,16,0,9_M9a8BQUry5umc3,1062841.0,1,0,0,0,6d033e52f5,jpg,,True
656,656,5586428954,9071562@N03,ed51e2c8d8,5263,6,Vai'ava Strait (25),1,0,0,1301860304,Herb In Hawaii,5542,6,88,ocean trees green beach water rock island see sand rocks waves natural pacific bluewater bluesky landmark cliffs pacificocean national land samoa herb americansamoa bluesea tutuila rocksounds vaiavastrait vatiabay polatai,-14.240591,-170.671185,16,0,9_M9a8BQUry5umc3,1062841.0,1,0,0,0,9f16a62624,jpg,,True
657,657,5586428758,9071562@N03,3909909cb5,5021,6,Vai'ava Strait (24),1,0,0,1301860300,Herb In Hawaii,5542,6,112,ocean trees green beach water rock island see sand rocks waves natural pacific bluewater bluesky landmark cliffs pacificocean national land samoa herb americansamoa bluesea tutuila rocksounds vaiavastrait vatiabay polatai,-14.240591,-170.671185,16,0,9_M9a8BQUry5umc3,1062841.0,1,0,0,0,7032fc0400,jpg,,True
658,658,5585837281,9071562@N03,c0bf5afef5,5017,6,Vai'ava Strait (23),1,0,0,1301860296,Herb In Hawaii,5542,6,156,ocean trees green beach water rock island see sand rocks waves natural pacific bluewater bluesky landmark cliffs pacificocean national land samoa herb americansamoa bluesea tutuila rocksounds vaiavastrait vatiabay polatai,-14.240591,-170.671185,16,0,9_M9a8BQUry5umc3,1062841.0,1,0,0,0,a97642c2c4,jpg,,True
659,659,5585837133,9071562@N03,273c8a0e9e,5132,6,Vai'ava Strait (22),1,0,0,1301860293,Herb In Hawaii,5542,6,108,ocean trees green beach water rock island see sand rocks waves natural pacific bluewater bluesky landmark cliffs pacificocean national land samoa herb americansamoa bluesea tutuila rocksounds vaiavastrait vatiabay polatai,-14.240591,-170.671185,16,0,9_M9a8BQUry5umc3,1062841.0,1,0,0,0,f622ff1278,jpg,,True
660,660,5586428074,9071562@N03,07a7bb0497,5228,6,Vai'ava Strait (21),1,0,0,1301860290,Herb In Hawaii,5542,6,63,ocean trees green beach water rock island see sand rocks waves natural pacific bluewater bluesky landmark cliffs pacificocean national land samoa herb americansamoa bluesea tutuila rocksounds vaiavastrait vatiabay polatai,-14.240591,-170.671185,16,0,9_M9a8BQUry5umc3,1062841.0,1,0,0,0,1f6aafdd88,jpg,,True
661,661,5585836631,9071562@N03,828bc3972e,5069,6,Vai'ava Strait (20),1,0,0,1301860284,Herb In Hawaii,5542,6,75,ocean trees green beach water rock island see sand rocks waves natural pacific bluewater bluesky landmark cliffs pacificocean national land samoa herb americansamoa bluesea tutuila rocksounds vaiavastrait vatiabay polatai,-14.240591,-170.671185,16,0,9_M9a8BQUry5umc3,1062841.0,1,0,0,0,37ee6cb2b5,jpg,,True
662,662,5586427542,9071562@N03,07841b414b,5306,6,Vai'ava Strait (19),1,0,0,1301860282,Herb In Hawaii,5542,6,148,ocean trees green beach water rock island see sand rocks waves natural pacific bluewater bluesky landmark cliffs pacificocean national land samoa herb americansamoa bluesea tutuila rocksounds vaiavastrait vatiabay polatai,-14.240591,-170.671185,16,0,9_M9a8BQUry5umc3,1062841.0,1,0,0,0,b3fb7112a9,jpg,,True
663,663,5586427354,9071562@N03,4a31bb0ecb,5019,6,Vai'ava Strait (18),1,0,0,1301860279,Herb In Hawaii,5542,6,114,ocean trees green beach water rock island see sand rocks waves natural pacific bluewater bluesky landmark cliffs pacificocean national land samoa herb americansamoa bluesea tutuila rocksounds vaiavastrait vatiabay polatai,-14.240591,-170.671185,16,0,9_M9a8BQUry5umc3,1062841.0,1,0,0,0,46f69a1114,jpg,,True
664,664,5586427086,9071562@N03,985a996fbc,5305,6,Vai'ava Strait (17),1,0,0,1301860275,Herb In Hawaii,5542,6,72,ocean trees green beach water rock island see sand rocks waves natural pacific bluewater bluesky landmark cliffs pacificocean national land samoa herb americansamoa bluesea tutuila rocksounds vaiavastrait vatiabay polatai,-14.240591,-170.671185,16,0,9_M9a8BQUry5umc3,1062841.0,1,0,0,0,97e0266c96,jpg,,True
665,665,5586426842,9071562@N03,b8acdb3026,5177,6,Vai'ava Strait (16),1,0,0,1301860270,Herb In Hawaii,5542,6,119,ocean trees green beach water rock island see sand rocks waves natural pacific bluewater bluesky landmark cliffs pacificocean national land samoa herb americansamoa bluesea tutuila rocksounds vaiavastrait vatiabay polatai,-14.240591,-170.671185,16,0,9_M9a8BQUry5umc3,1062841.0,1,0,0,0,c52f5a2871,jpg,,True
666,666,5586426574,9071562@N03,cba895a910,5070,6,Vai'ava Strait (15),1,0,0,1301860265,Herb In Hawaii,5542,6,161,ocean trees green beach water rock island see sand rocks waves natural pacific bluewater bluesky landmark cliffs pacificocean national land samoa herb americansamoa bluesea tutuila rocksounds vaiavastrait vatiabay polatai,-14.240591,-170.671185,16,0,9_M9a8BQUry5umc3,1062841.0,1,0,0,0,512c63613a,jpg,,True
667,667,5585835265,9071562@N03,bfc48a4b70,5068,6,Vai'ava Strait (14),1,0,0,1301860262,Herb In Hawaii,5542,6,123,ocean trees green beach water rock island see sand rocks waves natural pacific bluewater bluesky landmark cliffs pacificocean national land samoa herb americansamoa bluesea tutuila rocksounds vaiavastrait vatiabay polatai,-14.240591,-170.671185,16,0,9_M9a8BQUry5umc3,1062841.0,1,0,0,0,a93b060b50,jpg,,True
668,668,5586426146,9071562@N03,43a681371e,5138,6,Vai'ava Strait (13),1,0,0,1301860259,Herb In Hawaii,5542,6,137,ocean trees green beach water rock island see sand rocks waves natural pacific bluewater bluesky landmark cliffs pacificocean national land samoa herb americansamoa bluesea tutuila rocksounds vaiavastrait vatiabay polatai,-14.240591,-170.671185,16,0,9_M9a8BQUry5umc3,1062841.0,1,0,0,0,3ab035f061,jpg,,True
669,669,5585834833,9071562@N03,ab16958e89,5137,6,Vai'ava Strait (12),1,0,0,1301860255,Herb In Hawaii,5542,6,104,ocean trees green beach water rock island see sand rocks waves natural pacific bluewater bluesky landmark cliffs pacificocean national land samoa herb americansamoa bluesea tutuila rocksounds vaiavastrait vatiabay polatai,-14.240591,-170.671185,16,0,9_M9a8BQUry5umc3,1062841.0,1,0,0,0,709c130424,jpg,,True
670,670,5586425644,9071562@N03,e1b7b9491a,5015,6,Vai'ava Strait (11),1,0,0,1301860252,Herb In Hawaii,5542,6,76,ocean trees green beach water rock island see sand rocks waves natural pacific bluewater bluesky landmark cliffs pacificocean national land samoa herb americansamoa bluesea tutuila rocksounds vaiavastrait vatiabay polatai,-14.240591,-170.671185,16,0,9_M9a8BQUry5umc3,1062841.0,1,0,0,0,fe2577fec4,jpg,,True
671,671,5585833893,9071562@N03,5e3db48937,5300,6,Vai'ava Strait (9),1,0,0,1301860239,Herb In Hawaii,5542,6,124,ocean trees green beach water rock island see sand rocks waves natural pacific bluewater bluesky landmark cliffs pacificocean national land samoa herb americansamoa bluesea tutuila rocksounds vaiavastrait vatiabay polatai,-14.240591,-170.671185,16,0,9_M9a8BQUry5umc3,1062841.0,1,0,0,0,893570d9ca,jpg,,True
672,672,5585833685,9071562@N03,687b357e49,5011,6,Vai'ava Strait (8),1,0,0,1301860236,Herb In Hawaii,5542,6,82,ocean trees green beach water rock island see sand rocks waves natural pacific bluewater bluesky landmark cliffs pacificocean national land samoa herb americansamoa bluesea tutuila rocksounds vaiavastrait vatiabay polatai,-14.240591,-170.671185,16,0,9_M9a8BQUry5umc3,1062841.0,1,0,0,0,d0793c53e8,jpg,,True
673,673,5586424342,9071562@N03,978dffb7d0,5226,6,Vai'ava Strait (7),1,0,0,1301860232,Herb In Hawaii,5542,6,101,ocean trees green beach water rock island see sand rocks waves natural pacific bluewater bluesky landmark cliffs pacificocean national land samoa herb americansamoa bluesea tutuila rocksounds vaiavastrait vatiabay polatai,-14.240591,-170.671185,16,0,9_M9a8BQUry5umc3,1062841.0,1,0,0,0,22df9d2a9e,jpg,,True
674,674,5585833201,9071562@N03,15be8efefe,5058,6,Vai'ava Strait (6),1,0,0,1301860227,Herb In Hawaii,5542,6,177,ocean trees green beach water rock island see sand rocks waves natural pacific bluewater bluesky landmark cliffs pacificocean national land samoa herb americansamoa bluesea tutuila rocksounds vaiavastrait vatiabay polatai,-14.240591,-170.671185,16,0,9_M9a8BQUry5umc3,1062841.0,1,0,0,0,ea5c849aa0,jpg,,True
675,675,5585832965,9071562@N03,972c454fe9,5102,6,Vai'ava Strait (5),1,0,0,1301860224,Herb In Hawaii,5542,6,74,ocean trees green beach water rock island see sand rocks waves natural pacific bluewater bluesky landmark cliffs pacificocean national land samoa herb americansamoa bluesea tutuila rocksounds vaiavastrait vatiabay polatai,-14.240591,-170.671185,16,0,9_M9a8BQUry5umc3,1062841.0,1,0,0,0,08c17afff4,jpg,,True
676,676,5586423570,9071562@N03,3d91833e6e,5024,6,Vai'ava Strait (4),1,0,0,1301860219,Herb In Hawaii,5542,6,135,ocean trees green beach water rock island see sand rocks waves natural pacific bluewater bluesky landmark cliffs pacificocean national land samoa herb americansamoa bluesea tutuila rocksounds vaiavastrait vatiabay polatai,-14.240591,-170.671185,16,0,9_M9a8BQUry5umc3,1062841.0,1,0,0,0,fbd030d5cf,jpg,,True
677,677,5585832301,9071562@N03,2424bf343e,5310,6,Vai'ava Strait (3),1,0,0,1301860214,Herb In Hawaii,5542,6,151,ocean trees green beach water rock island see sand rocks waves natural pacific bluewater bluesky landmark cliffs pacificocean national land samoa herb americansamoa bluesea tutuila rocksounds vaiavastrait vatiabay polatai,-14.240591,-170.671185,16,0,9_M9a8BQUry5umc3,1062841.0,1,0,0,0,479cbb8b29,jpg,,True
678,678,5585832097,9071562@N03,bc7922a87e,5226,6,Vai'ava Strait (2),1,0,0,1301860210,Herb In Hawaii,5542,6,117,ocean trees green beach water rock island see sand rocks waves natural pacific bluewater bluesky landmark cliffs pacificocean national land samoa herb americansamoa bluesea tutuila rocksounds vaiavastrait vatiabay polatai,-14.240591,-170.671185,16,0,9_M9a8BQUry5umc3,1062841.0,1,0,0,0,23ca320428,jpg,,True
679,679,5586422832,9071562@N03,52fa88e227,5264,6,Vai'ava Strait (1),1,0,0,1301860206,Herb In Hawaii,5542,6,126,ocean trees green beach water rock island see sand rocks waves natural pacific bluewater bluesky landmark cliffs pacificocean national land samoa herb americansamoa bluesea tutuila rocksounds vaiavastrait vatiabay polatai,-14.240591,-170.671185,16,0,9_M9a8BQUry5umc3,1062841.0,1,0,0,0,879ce3b4c2,jpg,,True
680,680,5586337544,9071562@N03,673d9ac9dd,5099,6,Sea Creatures,1,0,0,1301858735,Herb In Hawaii,5542,6,125,ocean trees green beach water rock island see sand rocks waves natural pacific bluewater bluesky landmark cliffs pacificocean national land samoa herb americansamoa bluesea tutuila rocksounds vaiavastrait vatiabay polatai,-14.240591,-170.671185,16,0,9_M9a8BQUry5umc3,1062841.0,1,0,0,0,4955270506,jpg,,True
681,681,5585734327,9071562@N03,5f6934710a,5055,6,beach walk 4,1,0,0,1301858523,Herb In Hawaii,5542,6,137,ocean trees green beach water rock island see sand rocks waves natural pacific bluewater bluesky landmark cliffs pacificocean national land samoa herb americansamoa bluesea tutuila rocksounds vaiavastrait vatiabay polatai,-14.240591,-170.671185,16,0,9_M9a8BQUry5umc3,1062841.0,1,0,0,0,7258ff3505,jpg,,True
682,682,5586321558,9071562@N03,195bef5f47,5062,6,beach walk 3,1,0,0,1301858451,Herb In Hawaii,5542,6,182,ocean trees green beach water rock island see sand rocks waves natural pacific bluewater bluesky landmark cliffs pacificocean national land samoa herb americansamoa bluesea tutuila rocksounds vaiavastrait vatiabay polatai,-14.240591,-170.671185,16,0,9_M9a8BQUry5umc3,1062841.0,1,0,0,0,8be8eda4d2,jpg,,True
683,683,5586309266,9071562@N03,7c8ac5fcf2,5310,6,beach walk 2,1,0,0,1301858222,Herb In Hawaii,5542,6,247,ocean trees green beach water rock island see sand rocks waves natural pacific bluewater bluesky landmark cliffs pacificocean national land samoa herb americansamoa bluesea tutuila rocksounds vaiavastrait vatiabay polatai,-14.240591,-170.671185,16,0,9_M9a8BQUry5umc3,1062841.0,1,0,0,0,e250e6aeec,jpg,,True
684,684,5585711771,9071562@N03,03883a8c50,5260,6,big rocks,1,0,0,1301858108,Herb In Hawaii,5542,6,133,ocean trees green beach water rock island see sand rocks waves natural pacific bluewater bluesky landmark cliffs pacificocean national land samoa herb americansamoa bluesea tutuila rocksounds vaiavastrait vatiabay polatai,-14.240591,-170.671185,16,0,9_M9a8BQUry5umc3,1062841.0,1,0,0,0,b2de338f8c,jpg,,True
685,685,5585701909,9071562@N03,5cc1901cc8,5015,6,Beach walk 1,1,0,0,1301857936,Herb In Hawaii,5542,6,168,ocean trees green beach water rock island see sand rocks waves natural pacific bluewater bluesky landmark cliffs pacificocean national land samoa herb americansamoa bluesea tutuila rocksounds vaiavastrait vatiabay polatai,-14.240591,-170.671185,16,0,9_M9a8BQUry5umc3,1062841.0,1,0,0,0,09b7bf6804,jpg,,True
686,686,5586278652,9071562@N03,8d1aeb38d5,5102,6,First walk to Rocky Beach,1,0,0,1301857671,Herb In Hawaii,5542,6,163,ocean trees green beach water rock island see sand rocks waves natural pacific bluewater bluesky landmark cliffs pacificocean national land samoa herb americansamoa bluesea tutuila rocksounds vaiavastrait vatiabay polatai,-14.240591,-170.671185,16,0,9_M9a8BQUry5umc3,1062841.0,1,0,0,0,5a0e0ef296,jpg,,True
687,687,5586263836,9071562@N03,43b3d24b51,5266,6,Vai'ava Strait 1,1,0,0,1301857408,Herb In Hawaii,5542,6,149,ocean trees green beach water rock island see sand rocks waves natural pacific bluewater bluesky landmark cliffs pacificocean national land samoa herb americansamoa bluesea tutuila rocksounds vaiavastrait vatiabay polatai,-14.240591,-170.671185,16,0,9_M9a8BQUry5umc3,1062841.0,1,0,0,0,1b120aa83e,jpg,,True
713,713,5533727601,34119366@N00,1384193492,5052,6,DSC_0404.jpg,1,0,0,1300348128,TheMitchells,55,1,197,eastern americansamoa bankofhawaii,-14.248503,-170.661698,16,0,9_M9a8BQUry5umc3,1062841.0,1,0,0,0,b6292944cb,jpg,,True
714,714,5534308572,34119366@N00,9af9056a73,5296,6,DSC_0398.jpg,1,0,0,1300348086,TheMitchells,55,1,177,eastern americansamoa bankofhawaii,-14.248503,-170.661698,16,0,9_M9a8BQUry5umc3,1062841.0,1,0,0,0,9c32fecbff,jpg,,True
715,715,5534307644,34119366@N00,feb0ca7d47,5215,6,DSC_0395.jpg,1,0,0,1300348037,TheMitchells,55,1,174,eastern americansamoa bankofhawaii,-14.248503,-170.661698,16,0,9_M9a8BQUry5umc3,1062841.0,1,0,0,0,9b2f8d636e,jpg,,True
716,716,5533725139,34119366@N00,beabe94caa,5093,6,DSC_0386.jpg,1,0,0,1300348004,TheMitchells,55,1,173,eastern americansamoa bankofhawaii,-14.253145000000002,-170.656425,16,0,9_M9a8BQUry5umc3,1062841.0,1,0,0,0,5284018bff,jpg,,True
719,719,5533722441,34119366@N00,bac527693d,5292,6,DSC_0378.jpg,1,0,0,1300347866,TheMitchells,55,1,208,eastern americansamoa bankofhawaii,-14.266778,-170.655584,16,0,9_M9a8BQUry5umc3,1062841.0,1,0,0,0,321a7c80c4,jpg,,True
720,720,5534303298,34119366@N00,a733ecfab5,5139,6,DSC_0372.jpg,1,0,0,1300347821,TheMitchells,55,1,174,eastern americansamoa bankofhawaii,-14.266778,-170.655584,16,0,9_M9a8BQUry5umc3,1062841.0,1,0,0,0,7ed28af4db,jpg,,True
721,721,5534302578,34119366@N00,0c978f8ef3,5020,6,DSC_0368.jpg,1,0,0,1300347783,TheMitchells,55,1,173,eastern americansamoa bankofhawaii,-14.266778,-170.655584,16,0,9_M9a8BQUry5umc3,1062841.0,1,0,0,0,5212be7e6c,jpg,,True
831,831,4083054969,42695237@N05,15a4203396,2709,3,Marching downhill,1,0,0,1257621444,adamshoe,3153,4,7,,-14.26405,-170.689423,16,0,9_M9a8BQUry5umc3,1062841.0,1,0,0,0,8fb9d3fc16,jpg,,True
832,832,4083816704,42695237@N05,8db2bcf6b1,2585,3,,1,0,0,1257621435,adamshoe,3153,4,5,,-14.26405,-170.689423,16,0,9_M9a8BQUry5umc3,1062841.0,1,0,0,0,0222dd386b,jpg,,True
833,833,4083054281,42695237@N05,ee8b083730,2635,3,Fern,1,0,0,1257621426,adamshoe,3153,4,12,,-14.26405,-170.689423,16,0,9_M9a8BQUry5umc3,1062841.0,1,0,0,0,bd36874060,jpg,,True
834,834,4083816028,42695237@N05,e6e6701efb,2692,3,One of the island's enormous fruit bats,1,0,0,1257621417,adamshoe,3153,4,8,,-14.26405,-170.689423,16,0,9_M9a8BQUry5umc3,1062841.0,1,0,0,0,0464464a29,jpg,,True
835,835,4083053629,42695237@N05,24dcd3769c,2527,3,Back on the trail,1,0,0,1257621407,adamshoe,3153,4,8,,-14.26405,-170.689423,16,0,9_M9a8BQUry5umc3,1062841.0,1,0,0,0,c0143e0307,jpg,,True
836,836,4083052343,42695237@N05,5fd8ed1cc1,2795,3,,1,0,0,1257621372,adamshoe,3153,4,5,,-14.26405,-170.689423,16,0,9_M9a8BQUry5umc3,1062841.0,1,0,0,0,a0bb7af16a,jpg,,True
837,837,4083051073,42695237@N05,78e5544ff4,2636,3,Map of Tutuila,1,0,0,1257621337,adamshoe,3153,4,25,,-14.26405,-170.689423,16,0,9_M9a8BQUry5umc3,1062841.0,1,0,0,0,a05e208585,jpg,,True
838,838,4083050109,42695237@N05,4542fa176d,2721,3,Ken with hybiscus,1,0,0,1257621312,adamshoe,3153,4,9,,-14.26405,-170.689423,16,0,9_M9a8BQUry5umc3,1062841.0,1,0,0,0,e65d2cd8a8,jpg,,True
839,839,4083808744,42695237@N05,f89834fa18,2739,3,Ken,1,0,0,1257621231,adamshoe,3153,4,8,,-14.26405,-170.689423,16,0,9_M9a8BQUry5umc3,1062841.0,1,0,0,0,b9e45bf7bc,jpg,,True
840,840,4083046467,42695237@N05,52640ab619,2760,3,Where we get out TV,1,0,0,1257621221,adamshoe,3153,4,12,,-14.26405,-170.689423,16,0,9_M9a8BQUry5umc3,1062841.0,1,0,0,0,2b3efddcca,jpg,,True
841,841,4083808046,42695237@N05,09ee3dec91,2421,3,"View of the Manua islands, 60 miles to the east",1,0,0,1257621213,adamshoe,3153,4,19,,-14.26405,-170.689423,16,0,9_M9a8BQUry5umc3,1062841.0,1,0,0,0,fc8da2d8e2,jpg,,True
842,842,4083045781,42695237@N05,3326977aa8,2606,3,"View of Upolu, Western Samoa, 60 miles to the west",1,0,0,1257621204,adamshoe,3153,4,19,,-14.26405,-170.689423,16,0,9_M9a8BQUry5umc3,1062841.0,1,0,0,0,def0f8655b,jpg,,True
843,843,4083807242,42695237@N05,7edf0c3977,3536,4,,1,0,0,1257621193,adamshoe,3153,4,14,,-14.26405,-170.689423,16,0,9_M9a8BQUry5umc3,1062841.0,1,0,0,0,e59b12fcd7,jpg,,True
844,844,4083044513,42695237@N05,c0d490504e,2788,3,Fale at the top of the mountain,1,0,0,1257621172,adamshoe,3153,4,4,,-14.26405,-170.689423,16,0,9_M9a8BQUry5umc3,1062841.0,1,0,0,0,94a24b4f5e,jpg,,True
845,845,4083806072,42695237@N05,dbd4c1e94a,2565,3,,1,0,0,1257621164,adamshoe,3153,4,12,,-14.26405,-170.689423,16,0,9_M9a8BQUry5umc3,1062841.0,1,0,0,0,ef09edeb47,jpg,,True
846,846,4083043773,42695237@N05,9a554a5388,2551,3,Eastern side of the harbor,1,0,0,1257621152,adamshoe,3153,4,9,,-14.26405,-170.689423,16,0,9_M9a8BQUry5umc3,1062841.0,1,0,0,0,685aaf7ccb,jpg,,True
847,847,4083805266,42695237@N05,67438f9fe6,2799,3,Cable car equipment,1,0,0,1257621142,adamshoe,3153,4,14,,-14.26405,-170.689423,16,0,9_M9a8BQUry5umc3,1062841.0,1,0,0,0,9ff53da48c,jpg,,True
848,848,4083043015,42695237@N05,e04b3076d4,2674,3,Breakers Point,1,0,0,1257621132,adamshoe,3153,4,29,,-14.26405,-170.689423,16,0,9_M9a8BQUry5umc3,1062841.0,1,0,0,0,b79ee20c53,jpg,,True
849,849,4083042047,42695237@N05,34d0321173,2429,3,Boats lifted onto land by the Sept. 29th tsunami,1,0,0,1257621107,adamshoe,3153,4,8,,-14.26405,-170.689423,16,0,9_M9a8BQUry5umc3,1062841.0,1,0,0,0,e14a917110,jpg,,True
850,850,4083803460,42695237@N05,600b435e7c,2702,3,The container point where our food comes from,1,0,0,1257621097,adamshoe,3153,4,13,,-14.26405,-170.689423,16,0,9_M9a8BQUry5umc3,1062841.0,1,0,0,0,d591e7b9aa,jpg,,True
851,851,4083803030,42695237@N05,a3d462d400,3578,4,Tutuila at one of its thinnest points,1,0,0,1257621087,adamshoe,3153,4,18,,-14.26405,-170.689423,16,0,9_M9a8BQUry5umc3,1062841.0,1,0,0,0,5cab381eb4,jpg,,True
852,852,4083040821,42695237@N05,62354e2510,2436,3,Mouth of the harbor,1,0,0,1257621077,adamshoe,3153,4,24,,-14.26405,-170.689423,16,0,9_M9a8BQUry5umc3,1062841.0,1,0,0,0,ee6f1e9772,jpg,,True
853,853,4083040425,42695237@N05,aba03b61b1,2590,3,West side of Pago Pago,1,0,0,1257621068,adamshoe,3153,4,22,,-14.26405,-170.689423,16,0,9_M9a8BQUry5umc3,1062841.0,1,0,0,0,298b6a5f34,jpg,,True
854,854,4083801858,42695237@N05,5a8608e795,2795,3,Remnants of the cable car system,1,0,0,1257621057,adamshoe,3153,4,76,,-14.26405,-170.689423,16,0,9_M9a8BQUry5umc3,1062841.0,1,0,0,0,0379122330,jpg,,True
855,855,4083039661,42695237@N05,3e60e6cc65,2769,3,Clear afternoon on the Pacific,1,0,0,1257621048,adamshoe,3153,4,6,,-14.26405,-170.689423,16,0,9_M9a8BQUry5umc3,1062841.0,1,0,0,0,10b4e1fd2a,jpg,,True
856,856,4083039311,42695237@N05,6fb37fa4e8,3495,4,The bottom of Pago harbor,1,0,0,1257621039,adamshoe,3153,4,17,,-14.26405,-170.689423,16,0,9_M9a8BQUry5umc3,1062841.0,1,0,0,0,eb262f7046,jpg,,True
857,857,4083800764,42695237@N05,89e97e4b9f,2578,3,Staircase to the top,1,0,0,1257621029,adamshoe,3153,4,8,,-14.26405,-170.689423,16,0,9_M9a8BQUry5umc3,1062841.0,1,0,0,0,c0f26dc1a1,jpg,,True
858,858,4083800360,42695237@N05,e96315db39,2682,3,May be the tram cable that caused the tragic P-3 crash in 1980,1,0,0,1257621020,adamshoe,3153,4,30,,-14.26405,-170.689423,16,0,9_M9a8BQUry5umc3,1062841.0,1,0,0,0,1183b8b381,jpg,,True
859,859,4083799988,42695237@N05,4eecba672e,2732,3,Norfolk Island Pine,1,0,0,1257621011,adamshoe,3153,4,30,,-14.26405,-170.689423,16,0,9_M9a8BQUry5umc3,1062841.0,1,0,0,0,053032eb23,jpg,,True
860,860,4083799576,42695237@N05,e4c9560d29,2673,3,Clearing,1,0,0,1257621002,adamshoe,3153,4,8,,-14.26405,-170.689423,16,0,9_M9a8BQUry5umc3,1062841.0,1,0,0,0,1a35890c16,jpg,,True
861,861,4083037449,42695237@N05,d473183889,2550,3,About halfway up,1,0,0,1257620993,adamshoe,3153,4,10,,-14.26405,-170.689423,16,0,9_M9a8BQUry5umc3,1062841.0,1,0,0,0,c02c877fa0,jpg,,True
862,862,4083798794,42695237@N05,9a281a3a0f,2683,3,Gross (with flower),1,0,0,1257620983,adamshoe,3153,4,9,,-14.26405,-170.689423,16,0,9_M9a8BQUry5umc3,1062841.0,1,0,0,0,8f4fcc8261,jpg,,True
863,863,4083036725,42695237@N05,781f745d6f,2663,3,"Ken, ahead of me as always",1,0,0,1257620975,adamshoe,3153,4,28,,-14.26405,-170.689423,16,0,9_M9a8BQUry5umc3,1062841.0,1,0,0,0,2651966f60,jpg,,True
873,873,4057099844,12049281@N06,02a32ffa8b,2724,3,DAZ_5953,1,0,0,1256860178,dazt,3775,4,115,tsunami fema fagatele dr1859 americansamao,-14.270465,-170.71563,16,0,9_M9a8BQUry5umc3,1062841.0,1,0,0,0,a876355e9f,jpg,,True
874,874,4057098658,12049281@N06,052c8e86cb,2477,3,DAZ_5947,1,0,0,1256860140,dazt,3775,4,110,tsunami fema fagatele dr1859 americansamao,-14.270465,-170.71563,16,0,9_M9a8BQUry5umc3,1062841.0,1,0,0,0,b6073cc837,jpg,,True
875,875,4056358181,12049281@N06,2d78602b9f,2565,3,DAZ_5944,1,0,0,1256860093,dazt,3775,4,100,tsunami fema fagatele dr1859 americansamao,-14.270465,-170.71563,16,0,9_M9a8BQUry5umc3,1062841.0,1,0,0,0,51441bc039,jpg,,True
876,876,4057095414,12049281@N06,e3f59376a7,2574,3,DAZ_5942,1,0,0,1256860051,dazt,3775,4,100,tsunami fema fagatele dr1859 americansamao,-14.270465,-170.71563,16,0,9_M9a8BQUry5umc3,1062841.0,1,0,0,0,2e71e8c31e,jpg,,True
877,877,4057093502,12049281@N06,aab730ec66,3461,4,DAZ_5932,1,0,0,1256859994,dazt,3775,4,90,tsunami fema fagatele dr1859 americansamao,-14.270465,-170.71563,16,0,9_M9a8BQUry5umc3,1062841.0,1,0,0,0,5001b296e9,jpg,,True
879,879,4039227594,12049281@N06,561d00e471,2615,3,DAZ_5924,1,0,0,1256363521,dazt,3775,4,134,americansamoa polaisland,-14.249101999999999,-170.663455,16,0,9_M9a8BQUry5umc3,1062841.0,1,0,0,0,f27a4168f5,jpg,,True
880,880,4039227012,12049281@N06,88bdf2e246,2526,3,DAZ_5925,1,0,0,1256363495,dazt,3775,4,147,memorial tsunami americansamoa scenicview,-14.248577,-170.661621,16,0,9_M9a8BQUry5umc3,1062841.0,1,0,0,0,56fea265e2,jpg,,True
881,881,4038476087,12049281@N06,d935af6703,2526,3,DAZ_5911,1,0,0,1256363425,dazt,3775,4,141,americansamoa polaisland valauastrait,-14.248582,-170.661706,16,0,9_M9a8BQUry5umc3,1062841.0,1,0,0,0,1fe2c59495,jpg,,True
885,885,4038470785,12049281@N06,d282804872,2660,3,DAZ_5914,1,0,0,1256363194,dazt,3775,4,345,americansamoa pagopago,-14.266753,-170.65573,16,0,9_M9a8BQUry5umc3,1062841.0,1,0,0,0,be749cf18c,jpg,,True
889,889,4038463299,12049281@N06,e239ca48e3,2648,3,DAZ_5913,1,0,0,1256362898,dazt,3775,4,209,americansamoa pagopago pagopagoharbor,-14.266753,-170.65573,16,0,9_M9a8BQUry5umc3,1062841.0,1,0,0,0,681b26eb28,jpg,,True
890,890,4038461295,12049281@N06,ab2173db81,2430,3,DAZ_5910,1,0,0,1256362822,dazt,3775,4,147,americansamoa polaisland,-14.248577,-170.661621,16,0,9_M9a8BQUry5umc3,1062841.0,1,0,0,0,62801ecac0,jpg,,True
891,891,4028295748,12049281@N06,057db700c4,2752,3,IMGP0159,1,0,0,1256005685,dazt,3775,4,193,tsunami fema americansamoa mtalava dr1859,-14.264975,-170.687327,16,0,9_M9a8BQUry5umc3,1062841.0,1,0,0,0,a5a59a0de9,jpg,,True
892,892,4028109234,12049281@N06,755c2eae80,2617,3,IMGP0158,1,0,0,1256001521,dazt,3775,4,157,tsunami fema americansamoa mtalava dr1859,-14.264975,-170.687327,16,0,9_M9a8BQUry5umc3,1062841.0,1,0,0,0,aa37b09840,jpg,,True
893,893,4027351575,12049281@N06,7c95846b7d,2604,3,IMGP0157,1,0,0,1256001466,dazt,3775,4,172,tsunami fema americansamoa mtalava dr1859,-14.264975,-170.687327,16,0,9_M9a8BQUry5umc3,1062841.0,1,0,0,0,6181331093,jpg,,True
894,894,4027349291,12049281@N06,1a5eaac97e,3511,4,IMGP0126,1,0,0,1256001416,dazt,3775,4,193,tsunami fema americansamoa mtalava oldcablecar dr1859,-14.264975,-170.687327,16,0,9_M9a8BQUry5umc3,1062841.0,1,0,0,0,55b3caf30c,jpg,,True
895,895,4028102332,12049281@N06,f73be6af0e,2469,3,IMGP0125,1,0,0,1256001369,dazt,3775,4,181,tsunami fema americansamoa mtalava dr1859,-14.264975,-170.687327,16,0,9_M9a8BQUry5umc3,1062841.0,1,0,0,0,f635314987,jpg,,True
896,896,4027345207,12049281@N06,6fdf1ba16d,2629,3,IMGP0115,1,0,0,1256001323,dazt,3775,4,137,tsunami fema americansamoa mtalava dr1859,-14.264975,-170.687327,16,0,9_M9a8BQUry5umc3,1062841.0,1,0,0,0,bfbce2a7bb,jpg,,True
897,897,4027343013,12049281@N06,693ea4d266,2735,3,IMGP0107,1,0,0,1256001275,dazt,3775,4,184,stairs tsunami railcar fema americansamoa mtalava dr1859,-14.265324,-170.687756,16,0,9_M9a8BQUry5umc3,1062841.0,1,0,0,0,a5435a8fa8,jpg,,True
898,898,4028095848,12049281@N06,5bf1b90e93,2474,3,IMGP0108,1,0,0,1256001227,dazt,3775,4,159,tsunami fema americansamoa mtalava dr1859,-14.265324,-170.687756,16,0,9_M9a8BQUry5umc3,1062841.0,1,0,0,0,7e68edbf98,jpg,,True
